name	height	number	position	team	weight
 Nene	2.11	42	Forward-Center	Washington Wizards	113.4
A.J. Price	1.88	22	Guard	Minnesota Timberwolves	88.5
Aaron Brooks	1.83	0	Guard	Denver Nuggets	73.0
Aaron Gray	2.13	33	Center	Sacramento Kings	122.5
Adonis Thomas	2.01	8	Guard-Forward	Orlando Magic	108.9
Al Harrington	2.06	7	Forward	Washington Wizards	111.1
Al Horford	2.08	15	Center-Forward	Atlanta Hawks	113.4
Al Jefferson	2.08	25	Center	Charlotte Bobcats	131.1
Al-Farouq Aminu	2.06	0	Forward	New Orleans Pelicans	97.5
Alan Anderson	1.98	6	Forward-Guard	Brooklyn Nets	99.8
Alec Burks	1.98	10	Guard	Utah Jazz	95.7
Alex Len	2.16	21	Center	Phoenix Suns	115.7
Alexey Shved	1.98	1	Guard	Minnesota Timberwolves	84.8
Alexis Ajinca	2.18	42	Center	New Orleans Pelicans	112.5
Allen Crabbe	1.98	23	Guard	Portland Blazers	95.3
Alonzo Gee	1.98	33	Forward	Cleveland Cavaliers	102.1
Amar'e Stoudemire	2.11	1	Forward-Center	New York Knicks	111.1
Amir Johnson	2.06	15	Forward	Toronto Raptors	95.3
Anderson Varejao	2.11	17	Center	Cleveland Cavaliers	121.1
Andray Blatche	2.11	0	Center-Forward	Brooklyn Nets	117.9
Andre Drummond	2.08	0	Center	Detroit Pistons	122.5
Andre Iguodala	1.98	9	Forward-Guard	Golden State Warriors	93.9
Andre Miller	1.88	24	Guard	Washington Wizards	90.7
Andre Roberson	2.01	21	Guard-Forward	Oklahoma City Thunder	95.3
Andrea Bargnani	2.13	77	Center-Forward	New York Knicks	113.4
Andrei Kirilenko	2.06	47	Forward	Brooklyn Nets	106.6
Andrew Bogut	2.13	12	Center	Golden State Warriors	117.9
Andrew Bynum	2.13	17	Center	Indiana Pacers	129.3
Andrew Nicholson	2.06	44	Forward	Orlando Magic	113.4
Andris Biedrins	2.13	11	Center	Utah Jazz	113.4
Anthony Bennett	2.03	15	Forward	Cleveland Cavaliers	117.5
Anthony Davis	2.08	23	Forward-Center	New Orleans Pelicans	99.8
Anthony Morrow	1.96	3	Guard	New Orleans Pelicans	95.3
Anthony Randolph	2.11	15	Forward	Denver Nuggets	102.1
Anthony Tolliver	2.03	43	Forward	Charlotte Bobcats	108.9
Archie Goodwin	1.96	20	Guard	Phoenix Suns	89.8
Arnett Moultrie	2.08	5	Forward	Philadelphia Sixers	108.9
Aron Baynes	2.08	16	Forward-Center	San Antonio Spurs	117.9
Arron Afflalo	1.96	4	Guard-Forward	Orlando Magic	97.5
Austin Daye	2.11	23	Forward	San Antonio Spurs	90.7
Austin Rivers	1.93	25	Guard	New Orleans Pelicans	90.7
Avery Bradley	1.88	0	Guard	Boston Celtics	81.6
Ben McLemore	1.96	16	Guard	Sacramento Kings	88.5
Beno Udrih	1.91	19	Guard	Memphis Grizzlies	95.3
Bernard James	2.08	5	Center	Dallas Mavericks	108.9
Bismack Biyombo	2.06	0	Center-Forward	Charlotte Bobcats	111.1
Blake Griffin	2.08	32	Forward	Los Angeles Clippers	113.9
Boris Diaw	2.03	33	Forward	San Antonio Spurs	113.4
Bradley Beal	1.96	3	Guard	Washington Wizards	93.9
Brandan Wright	2.08	34	Forward	Dallas Mavericks	95.3
Brandon Bass	2.03	30	Forward	Boston Celtics	113.4
Brandon Davies	2.08	20	Forward	Philadelphia Sixers	108.9
Brandon Jennings	1.85	7	Guard	Detroit Pistons	76.7
Brandon Knight	1.91	11	Guard	Milwaukee Bucks	85.7
Brandon Rush	1.98	25	Guard	Utah Jazz	105.7
Brendan Haywood	2.13	33	Center	Charlotte Bobcats	119.3
Brian Roberts	1.85	22	Guard	New Orleans Pelicans	78.5
Brook Lopez	2.13	11	Center	Brooklyn Nets	124.7
Byron Mullens	2.13	30	Center	Philadelphia Sixers	124.7
C.J. McCollum	1.93	3	Guard	Portland Blazers	90.7
C.J. Miles	1.98	0	Guard	Cleveland Cavaliers	104.8
C.J. Watson	1.88	32	Guard	Indiana Pacers	79.4
Carl Landry	2.06	24	Forward	Sacramento Kings	112.5
Carlos Boozer	2.06	5	Forward	Chicago Bulls	120.7
Carlos Delfino	1.98	10	Guard-Forward	Milwaukee Bucks	104.3
Carmelo Anthony	2.03	7	Forward	New York Knicks	106.6
Caron Butler	2.01	2	Forward	Oklahoma City Thunder	103.4
Carrick Felix	1.98	30	Guard-Forward	Cleveland Cavaliers	91.2
Cartier Martin	2.01	20	Forward	Atlanta Hawks	99.8
Chandler Parsons	2.06	25	Forward	Houston Rockets	103.0
Channing Frye	2.11	8	Forward-Center	Phoenix Suns	111.1
Charlie Villanueva	2.11	31	Forward	Detroit Pistons	105.2
Chase Budinger	2.01	10	Forward	Minnesota Timberwolves	94.8
Chauncey Billups	1.91	1	Guard	Detroit Pistons	95.3
Chris Andersen	2.08	11	Forward-Center	Miami Heat	111.1
Chris Babb	1.96	52	Guard	Boston Celtics	102.1
Chris Bosh	2.11	1	Center-Forward	Miami Heat	106.6
Chris Copeland	2.03	22	Forward	Indiana Pacers	106.6
Chris Douglas-Roberts	2.01	55	Guard	Charlotte Bobcats	95.3
Chris Johnson	1.98	12	Forward-Guard	Boston Celtics	91.2
Chris Kaman	2.13	9	Center	Los Angeles Lakers	120.2
Chris Paul	1.83	3	Guard	Los Angeles Clippers	79.4
Chris Singleton	2.06	31	Forward	Washington Wizards	103.4
Chris Wright	2.06	15	Forward	Milwaukee Bucks	102.5
Chuck Hayes	1.98	44	Forward	Toronto Raptors	113.4
Cody Zeller	2.13	40	Center-Forward	Charlotte Bobcats	108.9
Cole Aldrich	2.11	45	Center	New York Knicks	111.1
Corey Brewer	2.06	13	Forward	Minnesota Timberwolves	83.9
Cory Joseph	1.91	5	Guard	San Antonio Spurs	86.2
Courtney Lee	1.96	5	Guard	Memphis Grizzlies	90.7
D.J. Augustin	1.83	14	Guard	Chicago Bulls	83.0
Damian Lillard	1.91	0	Guard	Portland Blazers	88.5
Danilo Gallinari	2.08	8	Forward	Denver Nuggets	102.1
Danny Granger	2.06	33	Forward	Los Angeles Clippers	103.4
Danny Green	1.98	4	Guard-Forward	San Antonio Spurs	97.5
Dante Cunningham	2.03	33	Forward	Minnesota Timberwolves	100.2
Darius Johnson-Odom	1.88	7	Guard	Philadelphia Sixers	97.5
Darius Miller	2.03	2	Forward	New Orleans Pelicans	102.1
Darrell Arthur	2.06	00	Forward	Denver Nuggets	106.6
Darren Collison	1.83	2	Guard	Los Angeles Clippers	79.4
David Lee	2.06	10	Forward	Golden State Warriors	108.9
David West	2.06	21	Forward	Indiana Pacers	113.4
DeAndre Jordan	2.11	6	Center	Los Angeles Clippers	120.2
DeJuan Blair	2.01	45	Center-Forward	Dallas Mavericks	122.5
DeMar DeRozan	2.01	10	Guard	Toronto Raptors	98.0
DeMarcus Cousins	2.11	15	Center	Sacramento Kings	122.5
DeMarre Carroll	2.03	5	Forward	Atlanta Hawks	96.2
Dennis Schroder	1.85	17	Guard	Atlanta Hawks	76.2
Derek Fisher	1.85	6	Guard	Oklahoma City Thunder	95.3
Deron Williams	1.91	8	Guard	Brooklyn Nets	94.8
Derrick Favors	2.08	15	Center-Forward	Utah Jazz	121.6
Derrick Rose	1.91	1	Guard	Chicago Bulls	86.2
Derrick Williams	2.03	13	Forward	Sacramento Kings	108.9
Devin Harris	1.91	20	Guard	Dallas Mavericks	87.1
Dewayne Dedmon	2.13	3	Center	Orlando Magic	115.7
Diante Garrett	1.93	8	Guard	Utah Jazz	86.2
Dion Waiters	1.93	3	Guard	Cleveland Cavaliers	102.1
Dionte Christmas	1.96	25	Guard	Phoenix Suns	93.0
Dirk Nowitzki	2.13	41	Forward	Dallas Mavericks	111.1
Donald Sloan	1.91	15	Guard	Indiana Pacers	93.0
Donatas Motiejunas	2.13	20	Forward-Center	Houston Rockets	100.7
Dorell Wright	2.06	1	Forward	Portland Blazers	93.0
Doron Lamb	1.93	1	Guard	Orlando Magic	90.7
Draymond Green	2.01	23	Forward	Golden State Warriors	104.3
Drew Gooden	2.08	90	Forward	Washington Wizards	113.4
Dwight Buycks	1.91	13	Guard	Toronto Raptors	86.2
Dwight Howard	2.11	12	Center-Forward	Houston Rockets	120.2
Dwyane Wade	1.93	3	Guard	Miami Heat	99.8
E'Twaun Moore	1.93	55	Guard	Orlando Magic	86.6
Earl Clark	2.08	0	Forward	New York Knicks	106.1
Earl Watson	1.85	17	Guard	Portland Blazers	90.3
Ed Davis	2.08	32	Forward	Memphis Grizzlies	102.1
Ekpe Udoh	2.08	5	Forward-Center	Milwaukee Bucks	111.1
Elliot Williams	1.96	25	Guard	Philadelphia Sixers	81.6
Elton Brand	2.06	42	Forward	Atlanta Hawks	115.2
Emeka Okafor	2.08	50	Center	Phoenix Suns	115.7
Enes Kanter	2.11	0	Center	Utah Jazz	112.0
Eric Bledsoe	1.85	2	Guard	Phoenix Suns	88.5
Eric Gordon	1.93	10	Guard	New Orleans Pelicans	97.5
Erik Murphy	2.08	31	Forward	Chicago Bulls	104.3
Ersan Ilyasova	2.08	7	Forward	Milwaukee Bucks	106.6
Evan Fournier	1.98	94	Guard	Denver Nuggets	90.7
Evan Turner	2.01	12	Forward-Guard	Indiana Pacers	99.8
Festus Ezeli	2.11	31	Center	Golden State Warriors	115.7
Francisco Garcia	2.01	32	Guard-Forward	Houston Rockets	88.5
Gal Mekel	1.91	33	Guard	Dallas Mavericks	86.6
Garrett Temple	1.98	17	Guard	Washington Wizards	88.5
Gary Neal	1.93	12	Guard	Charlotte Bobcats	95.3
George Hill	1.91	3	Guard	Indiana Pacers	85.3
Gerald Green	2.03	14	Guard-Forward	Phoenix Suns	95.3
Gerald Henderson	1.96	9	Guard	Charlotte Bobcats	97.5
Gerald Wallace	2.01	45	Forward	Boston Celtics	99.8
Giannis Antetokounmpo	2.06	34	Guard-Forward	Milwaukee Bucks	93.0
Glen Davis	2.06	0	Forward-Center	Los Angeles Clippers	131.1
Glen Rice	1.98	14	Guard-Forward	Washington Wizards	93.4
Goran Dragic	1.91	1	Guard	Phoenix Suns	86.2
Gordon Hayward	2.03	20	Guard-Forward	Utah Jazz	99.8
Gorgui Dieng	2.11	5	Center	Minnesota Timberwolves	108.0
Greg Monroe	2.11	10	Forward-Center	Detroit Pistons	113.4
Greg Oden	2.13	20	Center	Miami Heat	123.8
Greg Smith	2.08	4	Forward-Center	Houston Rockets	113.4
Greg Stiemsma	2.11	34	Center	New Orleans Pelicans	117.9
Greivis Vasquez	1.98	21	Guard	Toronto Raptors	95.7
Gustavo Ayon	2.08	14	Forward-Center	Atlanta Hawks	113.4
Harrison Barnes	2.03	40	Forward	Golden State Warriors	95.3
Hasheem Thabeet	2.21	34	Center	Oklahoma City Thunder	119.3
Hedo Turkoglu	2.08	8	Forward	Los Angeles Clippers	99.8
Henry Sims	2.08	35	Center	Philadelphia Sixers	112.5
Hollis Thompson	2.03	31	Guard-Forward	Philadelphia Sixers	93.4
Ian Clark	1.91	21	Guard	Utah Jazz	78.5
Ian Mahinmi	2.11	28	Center	Indiana Pacers	113.4
Iman Shumpert	1.96	21	Guard-Forward	New York Knicks	99.8
Isaiah Canaan	1.83	1	Guard	Houston Rockets	85.3
Isaiah Thomas	1.75	22	Guard	Sacramento Kings	83.9
Ish Smith	1.83	3	Guard	Phoenix Suns	79.4
J.J. Redick	1.93	4	Guard	Los Angeles Clippers	86.2
J.R. Smith	1.98	8	Guard-Forward	New York Knicks	99.8
JJ Hickson	2.06	7	Center-Forward	Denver Nuggets	109.8
JaVale McGee	2.13	34	Center	Denver Nuggets	113.4
Jae Crowder	1.98	9	Forward	Dallas Mavericks	106.6
Jamaal Franklin	1.96	22	Guard	Memphis Grizzlies	86.6
Jamal Crawford	1.96	11	Guard	Los Angeles Clippers	90.7
Jameer Nelson	1.83	14	Guard	Orlando Magic	86.2
James Anderson	1.98	9	Guard-Forward	Philadelphia Sixers	95.3
James Harden	1.96	13	Guard	Houston Rockets	99.8
James Johnson	2.06	3	Forward	Memphis Grizzlies	112.5
James Jones	2.03	22	Forward-Guard	Miami Heat	97.5
James Nunnally	2.01	12	Forward	Philadelphia Sixers	93.0
Jan Vesely	2.13	24	Forward	Denver Nuggets	109.8
Jannero Pargo	1.85	5	Guard	Charlotte Bobcats	83.9
Jared Dudley	2.01	9	Forward	Los Angeles Clippers	102.1
Jared Sullinger	2.06	7	Center-Forward	Boston Celtics	117.9
Jarrett Jack	1.91	1	Guard	Cleveland Cavaliers	90.7
Jarvis Varnado	2.06	40	Forward-Center	Philadelphia Sixers	104.3
Jason Collins	2.13	98	Center	Brooklyn Nets	115.7
Jason Maxiell	2.01	54	Forward	Orlando Magic	117.9
Jason Richardson	1.98	23	Guard	Philadelphia Sixers	102.1
Jason Smith	2.13	14	Center-Forward	New Orleans Pelicans	108.9
Jason Terry	1.88	31	Guard	Sacramento Kings	81.6
Jason Thompson	2.11	34	Forward-Center	Sacramento Kings	113.4
Jeff Adrien	2.01	12	Forward	Milwaukee Bucks	111.1
Jeff Ayres	2.06	11	Center-Forward	San Antonio Spurs	113.4
Jeff Green	2.06	8	Forward	Boston Celtics	106.6
Jeff Taylor	2.01	44	Forward	Charlotte Bobcats	102.1
Jeff Teague	1.88	0	Guard	Atlanta Hawks	82.1
Jeff Withey	2.13	5	Center	New Orleans Pelicans	106.6
Jeremy Evans	2.06	40	Forward	Utah Jazz	89.4
Jeremy Lamb	1.96	11	Guard	Oklahoma City Thunder	83.9
Jeremy Lin	1.91	7	Guard	Houston Rockets	90.7
Jeremy Tyler	2.08	4	Forward	New York Knicks	113.4
Jermaine O'Neal	2.11	7	Center-Forward	Golden State Warriors	115.7
Jerryd Bayless	1.91	11	Guard	Boston Celtics	90.7
Jimmer Fredette	1.88	32	Guard	Chicago Bulls	88.5
Jimmy Butler	2.01	21	Guard-Forward	Chicago Bulls	99.8
Joakim Noah	2.11	13	Center	Chicago Bulls	105.2
Jodie Meeks	1.93	20	Guard	Los Angeles Lakers	94.3
Joe Johnson	2.01	7	Guard	Brooklyn Nets	108.9
Joel Anthony	2.06	50	Center	Boston Celtics	111.1
Joel Freeland	2.08	19	Center-Forward	Portland Blazers	102.1
John Henson	2.11	31	Center-Forward	Milwaukee Bucks	99.8
John Jenkins	1.93	12	Guard	Atlanta Hawks	97.5
John Lucas III	1.8	5	Guard	Utah Jazz	75.3
John Salmons	1.98	25	Forward-Guard	Toronto Raptors	93.9
John Wall	1.93	2	Guard	Washington Wizards	88.5
Jon Leuer	2.08	30	Forward	Memphis Grizzlies	103.4
Jonas Jerebko	2.08	33	Forward	Detroit Pistons	104.8
Jonas Valanciunas	2.11	17	Center	Toronto Raptors	104.8
Jordan Crawford	1.93	55	Guard	Golden State Warriors	88.5
Jordan Farmar	1.88	1	Guard	Los Angeles Lakers	81.6
Jordan Hamilton	2.01	5	Forward-Guard	Houston Rockets	99.8
Jordan Hill	2.08	27	Forward-Center	Los Angeles Lakers	106.6
Jorge Gutierrez	1.91	13	Guard	Brooklyn Nets	88.5
Jose Barea	1.83	11	Guard	Minnesota Timberwolves	80.7
Jose Calderon	1.91	8	Guard	Dallas Mavericks	95.7
Josh Harrellson	2.08	55	Forward-Center	Detroit Pistons	124.7
Josh McRoberts	2.08	11	Forward	Charlotte Bobcats	108.9
Josh Smith	2.06	6	Forward	Detroit Pistons	102.1
Jrue Holiday	1.93	11	Guard	New Orleans Pelicans	93.0
Julyan Stone	1.98	77	Guard	Toronto Raptors	90.7
Justin Hamilton	2.13	7	Center	Miami Heat	115.7
Kawhi Leonard	2.01	2	Forward-Guard	San Antonio Spurs	104.3
Keith Bogans	1.96	4	Guard-Forward	Boston Celtics	97.5
Kelly Olynyk	2.13	41	Center-Forward	Boston Celtics	108.0
Kemba Walker	1.85	15	Guard	Charlotte Bobcats	83.5
Kendall Marshall	1.93	12	Guard	Los Angeles Lakers	88.5
Kendrick Perkins	2.08	5	Center	Oklahoma City Thunder	122.5
Kenneth Faried	2.03	35	Forward	Denver Nuggets	103.4
Kent Bazemore	1.96	6	Guard	Los Angeles Lakers	91.2
Kentavious Caldwell-Pope	1.96	5	Guard	Detroit Pistons	93.0
Kenyon Martin	2.06	3	Forward	New York Knicks	102.1
Kevin Durant	2.06	35	Forward	Oklahoma City Thunder	108.9
Kevin Garnett	2.11	2	Forward	Brooklyn Nets	114.8
Kevin Love	2.08	42	Forward-Center	Minnesota Timberwolves	110.2
Kevin Martin	2.01	23	Guard	Minnesota Timberwolves	89.4
Kevin Seraphin	2.08	13	Center	Washington Wizards	126.1
Khris Middleton	2.03	22	Forward	Milwaukee Bucks	98.4
Kirk Hinrich	1.93	12	Guard	Chicago Bulls	86.2
Klay Thompson	2.01	11	Guard	Golden State Warriors	93.0
Kobe Bryant	1.98	24	Guard	Los Angeles Lakers	93.0
Kosta Koufos	2.13	41	Center	Memphis Grizzlies	120.2
Kris Humphries	2.06	43	Center-Forward	Boston Celtics	106.6
Kyle Korver	2.01	26	Guard-Forward	Atlanta Hawks	96.2
Kyle Lowry	1.83	7	Guard	Toronto Raptors	93.0
Kyle O'Quinn	2.08	2	Forward	Orlando Magic	113.4
Kyle Singler	2.03	25	Forward	Detroit Pistons	104.3
Kyrie Irving	1.91	2	Guard	Cleveland Cavaliers	87.5
LaMarcus Aldridge	2.11	12	Forward	Portland Blazers	108.9
Lance Stephenson	1.96	1	Guard	Indiana Pacers	104.3
Landry Fields	2.01	2	Forward	Toronto Raptors	97.5
Larry Sanders	2.11	8	Center	Milwaukee Bucks	106.6
Lavoy Allen	2.06	5	Forward-Center	Indiana Pacers	115.7
LeBron James	2.03	6	Forward	Miami Heat	113.4
Leandro Barbosa	1.91	10	Guard	Phoenix Suns	88.0
Lorenzo Brown	1.96	7	Guard	Philadelphia Sixers	88.5
Louis Williams	1.85	3	Guard	Atlanta Hawks	79.4
Luc Mbah a Moute	2.03	12	Forward	Minnesota Timberwolves	104.3
Luigi Datome	2.03	13	Forward	Detroit Pistons	97.5
Luis Scola	2.06	4	Forward	Indiana Pacers	108.9
Luke Babbitt	2.06	8	Forward	New Orleans Pelicans	102.1
Luke Ridnour	1.88	13	Guard	Charlotte Bobcats	79.4
Luol Deng	2.06	9	Forward	Cleveland Cavaliers	99.8
Malcolm Thomas	2.06	22	Forward	Utah Jazz	102.1
Manu Ginobili	1.98	20	Guard	San Antonio Spurs	93.0
MarShon Brooks	1.96	2	Guard	Los Angeles Lakers	90.7
Marc Gasol	2.16	33	Center	Memphis Grizzlies	120.2
Marcin Gortat	2.11	4	Center	Washington Wizards	108.9
Marco Belinelli	1.96	3	Guard	San Antonio Spurs	95.3
Marcus Morris	2.06	15	Forward	Phoenix Suns	106.6
Marcus Thornton	1.93	10	Guard	Brooklyn Nets	93.0
Mario Chalmers	1.88	15	Guard	Miami Heat	86.2
Markieff Morris	2.08	11	Forward	Phoenix Suns	111.1
Marquis Teague	1.88	12	Guard	Brooklyn Nets	86.2
Marreese Speights	2.08	5	Forward-Center	Golden State Warriors	115.7
Martell Webster	2.01	9	Forward-Guard	Washington Wizards	104.3
Marvin Williams	2.06	2	Forward	Utah Jazz	107.5
Mason Plumlee	2.11	1	Forward-Center	Brooklyn Nets	106.6
Matt Barnes	2.01	22	Forward	Los Angeles Clippers	102.5
Matt Bonner	2.08	15	Forward-Center	San Antonio Spurs	106.6
Matthew Dellavedova	1.93	8	Guard	Cleveland Cavaliers	90.7
Maurice Harkless	2.06	21	Forward	Orlando Magic	99.8
Meyers Leonard	2.16	11	Center	Portland Blazers	111.1
Michael Beasley	2.08	8	Forward	Miami Heat	106.6
Michael Carter-Williams	1.98	1	Guard	Philadelphia Sixers	83.9
Michael Kidd-Gilchrist	2.01	14	Forward	Charlotte Bobcats	105.2
Mike Conley	1.85	11	Guard	Memphis Grizzlies	83.9
Mike Dunleavy	2.06	34	Forward	Chicago Bulls	104.3
Mike Miller	2.03	13	Forward	Memphis Grizzlies	98.9
Mike Muscala	2.11	31	Center	Atlanta Hawks	108.4
Mike Scott	2.03	32	Forward	Atlanta Hawks	107.5
Miles Plumlee	2.11	22	Center-Forward	Phoenix Suns	115.7
Miroslav Raduljica	2.13	9	Center	Milwaukee Bucks	113.4
Mirza Teletovic	2.06	33	Forward	Brooklyn Nets	109.8
Mo Williams	1.85	25	Guard	Portland Blazers	88.5
Monta Ellis	1.91	11	Guard	Dallas Mavericks	83.9
Mustafa Shakur	1.91	22	Guard	Oklahoma City Thunder	86.2
Nando De Colo	1.96	3	Guard	Toronto Raptors	88.5
Nate Robinson	1.75	10	Guard	Denver Nuggets	81.6
Nate Wolters	1.93	6	Guard	Milwaukee Bucks	86.2
Nazr Mohammed	2.08	48	Center	Chicago Bulls	113.4
Nemanja Nedovic	1.91	8	Guard	Golden State Warriors	87.1
Nerlens Noel	2.11	4	Center	Philadelphia Sixers	103.4
Nick Calathes	1.98	12	Guard	Memphis Grizzlies	96.6
Nick Collison	2.08	4	Forward-Center	Oklahoma City Thunder	115.7
Nick Young	2.01	0	Forward-Guard	Los Angeles Lakers	95.3
Nicolas Batum	2.03	88	Forward	Portland Blazers	90.7
Nikola Pekovic	2.11	14	Center	Minnesota Timberwolves	129.3
Nikola Vucevic	2.13	9	Center	Orlando Magic	113.4
Norris Cole	1.88	30	Guard	Miami Heat	79.4
O.J. Mayo	1.93	00	Guard	Milwaukee Bucks	95.3
Ognjen Kuzmic	2.13	1	Center	Golden State Warriors	113.9
Omer Asik	2.13	3	Center	Houston Rockets	115.7
Omri Casspi	2.06	18	Forward	Houston Rockets	102.1
Orlando Johnson	1.96	0	Guard	Sacramento Kings	99.8
Otto Porter	2.03	22	Forward	Washington Wizards	89.8
P.J Tucker	1.98	17	Forward-Guard	Phoenix Suns	101.6
Pablo Prigioni	1.91	9	Guard	New York Knicks	83.9
Patrick Beverley	1.85	2	Guard	Houston Rockets	83.9
Patrick Patterson	2.06	54	Forward	Toronto Raptors	106.6
Patty Mills	1.83	8	Guard	San Antonio Spurs	83.9
Pau Gasol	2.13	16	Center-Forward	Los Angeles Lakers	113.4
Paul George	2.06	24	Forward-Guard	Indiana Pacers	99.8
Paul Millsap	2.03	4	Forward	Atlanta Hawks	114.8
Paul Pierce	2.01	34	Forward	Brooklyn Nets	106.6
Pero Antic	2.11	6	Center	Atlanta Hawks	117.9
Perry Jones	2.11	3	Forward	Oklahoma City Thunder	106.6
Peyton Siva	1.83	34	Guard	Detroit Pistons	83.9
Phil Pressey	1.8	26	Guard	Boston Celtics	79.4
Quincy Acy	2.01	5	Forward	Sacramento Kings	102.1
Quincy Miller	2.06	30	Forward	Denver Nuggets	95.3
Quincy Pondexter	1.98	20	Forward	Memphis Grizzlies	102.1
Rajon Rondo	1.85	9	Guard	Boston Celtics	84.4
Ramon Sessions	1.91	13	Guard	Milwaukee Bucks	86.2
Randy Foye	1.93	4	Guard	Denver Nuggets	96.6
Rashard Lewis	2.08	9	Forward	Miami Heat	106.6
Rasual Butler	2.01	8	Guard-Forward	Indiana Pacers	97.5
Ray Allen	1.96	34	Guard	Miami Heat	93.0
Ray McCallum	1.91	3	Guard	Sacramento Kings	86.2
Raymond Felton	1.85	2	Guard	New York Knicks	93.0
Reggie Bullock	2.01	25	Guard	Los Angeles Clippers	93.0
Reggie Evans	2.03	30	Forward	Sacramento Kings	111.1
Reggie Jackson	1.91	15	Guard	Oklahoma City Thunder	94.3
Ricardo Ledo	2.01	7	Guard	Dallas Mavericks	88.5
Richard Jefferson	2.01	24	Forward	Utah Jazz	106.1
Ricky Rubio	1.93	9	Guard	Minnesota Timberwolves	83.9
Robbie Hummel	2.03	6	Forward	Minnesota Timberwolves	99.8
Robert Covington	2.06	33	Forward	Houston Rockets	97.5
Robert Sacre	2.13	50	Center	Los Angeles Lakers	117.9
Robin Lopez	2.13	42	Center	Portland Blazers	115.7
Rodney Stuckey	1.96	3	Guard	Detroit Pistons	93.0
Ronnie Price	1.88	10	Guard	Orlando Magic	86.2
Ronny Turiaf	2.08	32	Center	Minnesota Timberwolves	109.3
Roy Hibbert	2.18	55	Center	Indiana Pacers	131.5
Royce White	2.03	35	Forward	Sacramento Kings	117.9
Rudy Gay	2.03	8	Forward	Sacramento Kings	104.3
Rudy Gobert	2.16	27	Center	Utah Jazz	111.1
Russell Westbrook	1.91	0	Guard	Oklahoma City Thunder	90.7
Ryan Anderson	2.08	33	Forward	New Orleans Pelicans	108.9
Ryan Hollins	2.13	15	Center	Los Angeles Clippers	108.9
Ryan Kelly	2.11	4	Forward	Los Angeles Lakers	104.3
Samuel Dalembert	2.11	1	Center	Dallas Mavericks	113.4
Serge Ibaka	2.08	9	Forward-Center	Oklahoma City Thunder	111.1
Sergey Karasev	2.01	10	Guard	Cleveland Cavaliers	88.9
Shabazz Muhammad	1.98	15	Forward	Minnesota Timberwolves	100.7
Shane Battier	2.03	31	Forward	Miami Heat	99.8
Shane Edwards	2.01	24	Forward	Cleveland Cavaliers	99.8
Shane Larkin	1.8	3	Guard	Dallas Mavericks	79.8
Shannon Brown	1.93	26	Guard	New York Knicks	95.3
Shaun Livingston	2.01	14	Guard	Brooklyn Nets	79.4
Shavlik Randolph	2.08	43	Forward	Phoenix Suns	107.0
Shawn Marion	2.01	0	Forward	Dallas Mavericks	103.4
Shelvin Mack	1.91	8	Guard	Atlanta Hawks	93.9
Solomon Hill	2.01	9	Forward	Indiana Pacers	102.1
Spencer Hawes	2.16	32	Center	Cleveland Cavaliers	111.1
Stephen Curry	1.91	30	Guard	Golden State Warriors	83.9
Steve Blake	1.91	25	Guard	Golden State Warriors	78.0
Steve Nash	1.91	10	Guard	Los Angeles Lakers	80.7
Steve Novak	2.08	16	Forward	Toronto Raptors	106.6
Steven Adams	2.13	12	Center	Oklahoma City Thunder	115.7
Taj Gibson	2.06	22	Forward-Center	Chicago Bulls	102.1
Tayshaun Prince	2.06	21	Forward	Memphis Grizzlies	97.5
Terrence Jones	2.06	6	Forward	Houston Rockets	114.3
Terrence Ross	1.98	31	Forward	Toronto Raptors	88.5
Thabo Sefolosha	2.01	25	Guard	Oklahoma City Thunder	100.7
Thaddeus Young	2.03	21	Forward	Philadelphia Sixers	104.3
Thomas Robinson	2.08	41	Forward	Portland Blazers	107.5
Tiago Splitter	2.11	22	Center	San Antonio Spurs	111.1
Tim Duncan	2.11	21	Forward	San Antonio Spurs	113.4
Tim Hardaway Jr.	1.98	5	Guard	New York Knicks	93.0
Timofey Mozgov	2.16	25	Center	Denver Nuggets	113.4
Tobias Harris	2.06	12	Forward	Orlando Magic	106.6
Toney Douglas	1.88	0	Guard	Miami Heat	83.9
Tony Allen	1.93	9	Guard	Memphis Grizzlies	96.6
Tony Mitchell	2.03	9	Forward	Detroit Pistons	106.6
Tony Parker	1.88	9	Guard	San Antonio Spurs	83.9
Tony Snell	2.01	20	Guard	Chicago Bulls	90.7
Tony Wroten	1.98	8	Guard	Philadelphia Sixers	93.0
Tornike Shengelia	2.06	7	Forward	Chicago Bulls	99.8
Toure Murry	1.96	23	Guard	New York Knicks	88.5
Travis Outlaw	2.06	25	Forward	Sacramento Kings	93.9
Trevor Ariza	2.03	1	Forward	Washington Wizards	99.8
Trevor Booker	2.03	35	Forward	Washington Wizards	106.6
Trey Burke	1.85	3	Guard	Utah Jazz	86.2
Tristan Thompson	2.06	13	Forward	Cleveland Cavaliers	108.0
Troy Daniels	1.93	30	Guard	Houston Rockets	92.5
Ty Lawson	1.8	3	Guard	Denver Nuggets	88.5
Tyler Hansbrough	2.06	50	Forward-Center	Toronto Raptors	113.4
Tyler Zeller	2.13	40	Center-Forward	Cleveland Cavaliers	114.8
Tyreke Evans	1.98	1	Forward-Guard	New Orleans Pelicans	99.8
Tyson Chandler	2.16	6	Center	New York Knicks	108.9
Udonis Haslem	2.03	40	Forward	Miami Heat	106.6
Victor Claver	2.06	18	Forward	Portland Blazers	101.6
Victor Oladipo	1.93	5	Guard	Orlando Magic	97.5
Vince Carter	1.98	25	Guard-Forward	Dallas Mavericks	99.8
Vitor Faverani	2.11	38	Center	Boston Celtics	117.9
Wayne Ellington	1.93	21	Guard	Dallas Mavericks	90.7
Wesley Johnson	2.01	11	Forward	Los Angeles Lakers	97.5
Wesley Matthews	1.96	2	Guard	Portland Blazers	99.8
Will Barton	1.98	5	Guard	Portland Blazers	79.4
Will Bynum	1.83	12	Guard	Detroit Pistons	83.9
Willie Green	1.91	34	Guard	Los Angeles Clippers	91.2
Wilson Chandler	2.03	21	Forward	Denver Nuggets	102.1
Xavier Henry	1.98	7	Forward-Guard	Los Angeles Lakers	99.8
Zach Randolph	2.06	50	Forward	Memphis Grizzlies	117.9
Zaza Pachulia	2.11	27	Center	Milwaukee Bucks	124.7
