DATA SET,iso_date,PLAYER FULL NAME,OWN TEAM,OPP TEAM,VENUE (R/H),MIN,FG,FGA,3P,3PA,FT,FTA,OR,DR,TOT,A,PF,ST,TO,BL,PTS
2013-2014 Regular Season,29-10-2013,Jason Maxiell,Orl,Ind,R,26.2,0,5,0,0,0,0,1,4,5,0,2,1,2,2,0
2013-2014 Regular Season,29-10-2013,Maurice Harkless,Orl,Ind,R,23.3,6,13,2,2,0,1,1,0,1,0,4,1,0,0,14
2013-2014 Regular Season,29-10-2013,Nikola Vucevic,Orl,Ind,R,30.4,4,11,0,0,0,0,5,5,10,3,4,2,5,1,8
2013-2014 Regular Season,29-10-2013,Arron Afflalo,Orl,Ind,R,32.6,3,14,1,5,2,3,1,2,3,1,1,0,1,0,9
2013-2014 Regular Season,29-10-2013,Jameer Nelson,Orl,Ind,R,30.3,4,13,3,7,1,1,1,4,5,7,1,2,2,0,12
2013-2014 Regular Season,29-10-2013,Victor Oladipo,Orl,Ind,R,22.4,4,11,1,2,3,5,1,2,3,2,2,1,3,0,12
2013-2014 Regular Season,29-10-2013,Andrew Nicholson,Orl,Ind,R,19.2,8,10,2,2,0,0,1,3,4,0,4,1,1,0,18
2013-2014 Regular Season,29-10-2013,E'Twaun Moore,Orl,Ind,R,25.5,3,6,0,1,0,0,1,0,1,1,2,2,2,0,6
2013-2014 Regular Season,29-10-2013,Kyle O'Quinn,Orl,Ind,R,14.2,3,7,0,0,0,0,0,4,4,0,2,0,1,3,6
2013-2014 Regular Season,29-10-2013,Ronnie Price,Orl,Ind,R,8.4,1,2,0,0,0,0,0,1,1,3,2,0,0,0,2
2013-2014 Regular Season,29-10-2013,Solomon Jones,Orl,Ind,R,5.2,0,1,0,0,0,0,1,1,2,0,2,0,0,0,0
2013-2014 Regular Season,29-10-2013,Paul George,Ind,Orl,H,36.1,8,16,3,6,5,7,1,5,6,5,0,1,4,3,24
2013-2014 Regular Season,29-10-2013,David West,Ind,Orl,H,30.4,4,11,0,0,5,5,0,5,5,3,2,2,5,5,13
2013-2014 Regular Season,29-10-2013,Roy Hibbert,Ind,Orl,H,26.5,3,6,0,0,2,4,6,10,16,0,0,1,3,7,8
2013-2014 Regular Season,29-10-2013,Lance Stephenson,Ind,Orl,H,35.4,8,12,2,3,1,2,2,5,7,5,2,0,1,1,19
2013-2014 Regular Season,29-10-2013,George Hill,Ind,Orl,H,29.0,2,8,0,2,3,4,0,2,2,0,0,0,1,0,7
2013-2014 Regular Season,29-10-2013,Orlando Johnson,Ind,Orl,H,15.1,3,4,1,2,2,2,0,1,1,0,1,0,1,0,9
2013-2014 Regular Season,29-10-2013,Luis Scola,Ind,Orl,H,20.4,4,7,0,0,0,0,0,1,1,1,2,0,1,0,8
2013-2014 Regular Season,29-10-2013,C.J. Watson,Ind,Orl,H,19.5,2,5,1,4,0,2,0,2,2,3,0,0,1,0,5
2013-2014 Regular Season,29-10-2013,Solomon Hill,Ind,Orl,H,8.1,0,1,0,0,0,0,0,1,1,0,1,0,1,0,0
2013-2014 Regular Season,29-10-2013,Ian Mahinmi,Ind,Orl,H,16.4,0,1,0,0,4,6,1,2,3,0,5,0,2,2,4
2013-2014 Regular Season,29-10-2013,Rasual Butler,Ind,Orl,H,0.6,0,0,0,0,0,0,0,0,0,0,0,0,0,0,0
2013-2014 Regular Season,29-10-2013,Luol Deng,Chi,Mia,R,29.3,2,8,0,5,0,0,1,4,5,4,4,2,3,0,4
2013-2014 Regular Season,29-10-2013,Carlos Boozer,Chi,Mia,R,32.2,13,18,0,0,5,5,3,4,7,2,4,1,2,1,31
2013-2014 Regular Season,29-10-2013,Joakim Noah,Chi,Mia,R,20.1,1,4,0,0,0,2,2,9,11,2,2,2,2,2,2
2013-2014 Regular Season,29-10-2013,Jimmy Butler,Chi,Mia,R,29.6,6,12,2,4,6,7,0,3,3,3,4,5,2,1,20
2013-2014 Regular Season,29-10-2013,Derrick Rose,Chi,Mia,R,34.2,4,15,1,7,3,4,0,1,1,4,2,0,5,0,12
2013-2014 Regular Season,29-10-2013,Mike Dunleavy,Chi,Mia,R,22.6,3,9,2,4,2,2,0,3,3,1,1,0,1,0,10
2013-2014 Regular Season,29-10-2013,Taj Gibson,Chi,Mia,R,29.2,4,8,0,0,2,3,4,4,8,3,1,0,0,0,10
2013-2014 Regular Season,29-10-2013,Kirk Hinrich,Chi,Mia,R,29.3,2,6,2,4,0,0,0,1,1,3,6,0,2,0,6
2013-2014 Regular Season,29-10-2013,Nazr Mohammed,Chi,Mia,R,5.2,0,0,0,0,0,0,1,1,2,1,1,0,0,0,0
2013-2014 Regular Season,29-10-2013,Tony Snell,Chi,Mia,R,6.4,0,3,0,2,0,0,0,0,0,0,2,1,1,0,0
2013-2014 Regular Season,29-10-2013,LeBron James,Mia,Chi,H,38.0,5,11,0,1,7,9,0,6,6,8,0,1,2,0,17
2013-2014 Regular Season,29-10-2013,Udonis Haslem,Mia,Chi,H,21.3,2,4,0,0,2,2,1,2,3,0,3,0,3,0,6
2013-2014 Regular Season,29-10-2013,Chris Bosh,Mia,Chi,H,31.2,6,11,1,2,3,4,1,5,6,0,3,0,1,3,16
2013-2014 Regular Season,29-10-2013,Dwyane Wade,Mia,Chi,H,36.1,5,13,1,1,2,5,0,4,4,3,4,1,3,1,13
2013-2014 Regular Season,29-10-2013,Mario Chalmers,Mia,Chi,H,26.5,3,8,1,3,6,7,2,1,3,4,2,5,3,0,13
2013-2014 Regular Season,29-10-2013,Ray Allen,Mia,Chi,H,26.2,3,7,3,6,2,2,0,1,1,7,4,0,3,1,11
2013-2014 Regular Season,29-10-2013,Shane Battier,Mia,Chi,H,22.1,5,6,4,4,0,0,0,2,2,1,3,0,0,0,14
2013-2014 Regular Season,29-10-2013,Norris Cole,Mia,Chi,H,21.1,5,7,1,3,0,0,0,7,7,3,0,1,3,0,11
2013-2014 Regular Season,29-10-2013,Chris Andersen,Mia,Chi,H,16.3,3,5,0,0,0,0,1,7,8,0,2,2,0,2,6
2013-2014 Regular Season,29-10-2013,Jared Dudley,Lac,Lal,R,22.4,2,6,1,4,0,0,0,3,3,2,4,0,1,0,5
2013-2014 Regular Season,29-10-2013,Blake Griffin,Lac,Lal,R,40.1,8,15,0,0,3,10,2,5,7,3,1,1,4,0,19
2013-2014 Regular Season,29-10-2013,DeAndre Jordan,Lac,Lal,R,35.3,8,10,0,0,1,2,4,7,11,1,5,3,1,3,17
2013-2014 Regular Season,29-10-2013,J.J. Redick,Lac,Lal,R,33.5,5,12,2,5,1,1,1,1,2,3,0,0,1,0,13
2013-2014 Regular Season,29-10-2013,Chris Paul,Lac,Lal,R,35.6,5,13,0,2,5,5,0,6,6,11,4,5,1,0,15
2013-2014 Regular Season,29-10-2013,Matt Barnes,Lac,Lal,R,28.3,3,6,1,3,1,1,2,4,6,3,4,2,3,0,8
2013-2014 Regular Season,29-10-2013,Jamal Crawford,Lac,Lal,R,25.5,5,13,3,6,2,2,1,2,3,3,0,0,3,0,15
2013-2014 Regular Season,29-10-2013,Darren Collison,Lac,Lal,R,12.3,4,5,1,1,0,0,0,1,1,1,2,0,2,0,9
2013-2014 Regular Season,29-10-2013,Ryan Hollins,Lac,Lal,R,3.6,0,2,0,0,0,2,0,1,1,0,1,0,0,1,0
2013-2014 Regular Season,29-10-2013,Reggie Bullock,Lac,Lal,R,1.0,1,1,0,0,0,0,0,0,0,0,0,0,0,0,2
2013-2014 Regular Season,29-10-2013,Nick Young,Lal,Lac,H,22.0,3,10,1,4,6,8,0,1,1,0,1,1,2,0,13
2013-2014 Regular Season,29-10-2013,Shawne Williams,Lal,Lac,H,12.5,1,5,0,3,1,2,1,2,3,0,3,1,1,2,3
2013-2014 Regular Season,29-10-2013,Pau Gasol,Lal,Lac,H,24.3,5,12,1,2,4,4,1,12,13,4,0,0,5,0,15
2013-2014 Regular Season,29-10-2013,Steve Blake,Lal,Lac,H,22.3,2,3,2,2,0,0,1,1,2,1,1,1,0,0,6
2013-2014 Regular Season,29-10-2013,Steve Nash,Lal,Lac,H,20.4,1,3,1,1,0,0,0,1,1,5,3,0,3,0,3
2013-2014 Regular Season,29-10-2013,Chris Kaman,Lal,Lac,H,19.4,5,10,0,0,0,0,4,4,8,0,1,1,1,2,10
2013-2014 Regular Season,29-10-2013,Jodie Meeks,Lal,Lac,H,25.4,4,8,3,6,2,2,0,3,3,2,2,1,2,0,13
2013-2014 Regular Season,29-10-2013,Jordan Farmar,Lal,Lac,H,27.2,6,10,2,3,2,4,2,2,4,6,5,1,3,0,16
2013-2014 Regular Season,29-10-2013,Xavier Henry,Lal,Lac,H,26.2,8,13,3,4,3,8,2,4,6,2,1,1,1,0,22
2013-2014 Regular Season,29-10-2013,Wesley Johnson,Lal,Lac,H,20.3,1,11,1,4,0,0,0,3,3,1,4,0,0,1,3
2013-2014 Regular Season,29-10-2013,Jordan Hill,Lal,Lac,H,18.0,6,8,0,0,0,0,7,1,8,2,2,1,1,1,12
2013-2014 Regular Season,30-10-2013,Paul Pierce,Bro,Cle,R,29.5,5,8,3,4,4,4,0,4,4,2,2,0,1,0,17
2013-2014 Regular Season,30-10-2013,Kevin Garnett,Bro,Cle,R,26.2,4,8,0,0,0,0,2,8,10,3,4,2,2,1,8
2013-2014 Regular Season,30-10-2013,Brook Lopez,Bro,Cle,R,33.4,9,18,0,0,3,5,2,3,5,1,3,0,1,4,21
2013-2014 Regular Season,30-10-2013,Joe Johnson,Bro,Cle,R,34.2,3,10,0,3,7,8,0,0,0,5,1,1,1,0,13
2013-2014 Regular Season,30-10-2013,Deron Williams,Bro,Cle,R,21.4,2,6,1,2,2,2,0,3,3,9,3,0,4,1,7
2013-2014 Regular Season,30-10-2013,Andray Blatche,Bro,Cle,R,20.2,0,5,0,0,0,0,0,3,3,0,2,1,3,1,0
2013-2014 Regular Season,30-10-2013,Reggie Evans,Bro,Cle,R,15.5,1,5,0,0,2,3,4,4,8,0,3,0,1,1,4
2013-2014 Regular Season,30-10-2013,Alan Anderson,Bro,Cle,R,23.3,4,11,1,6,0,0,0,3,3,0,3,1,1,0,9
2013-2014 Regular Season,30-10-2013,Shaun Livingston,Bro,Cle,R,15.3,0,1,0,0,1,2,1,0,1,3,3,2,0,0,1
2013-2014 Regular Season,30-10-2013,Jason Terry,Bro,Cle,R,19.0,5,10,4,9,0,0,0,0,0,1,3,1,1,0,14
2013-2014 Regular Season,30-10-2013,Earl Clark,Cle,Bro,H,27.1,4,10,0,1,1,2,3,5,8,1,2,0,1,0,9
2013-2014 Regular Season,30-10-2013,Tristan Thompson,Cle,Bro,H,34.5,8,13,0,0,2,4,3,6,9,0,2,0,1,0,18
2013-2014 Regular Season,30-10-2013,Anderson Varejao,Cle,Bro,H,34.4,5,9,0,0,1,4,3,5,8,3,3,0,0,1,11
2013-2014 Regular Season,30-10-2013,Dion Waiters,Cle,Bro,H,29.2,5,12,1,3,0,0,1,0,1,2,2,3,2,0,11
2013-2014 Regular Season,30-10-2013,Kyrie Irving,Cle,Bro,H,30.6,4,16,0,2,7,9,0,7,7,9,4,2,2,0,15
2013-2014 Regular Season,30-10-2013,Jarrett Jack,Cle,Bro,H,22.3,3,6,1,1,5,6,0,3,3,3,1,1,1,0,12
2013-2014 Regular Season,30-10-2013,Alonzo Gee,Cle,Bro,H,18.5,1,2,1,1,4,4,3,1,4,1,2,1,0,0,7
2013-2014 Regular Season,30-10-2013,Anthony Bennett,Cle,Bro,H,14.6,0,5,0,3,2,4,1,4,5,0,1,0,0,0,2
2013-2014 Regular Season,30-10-2013,Andrew Bynum,Cle,Bro,H,7.3,1,5,0,0,1,1,2,1,3,2,1,0,1,2,3
2013-2014 Regular Season,30-10-2013,C.J. Miles,Cle,Bro,H,15.2,4,6,2,4,0,0,0,0,0,0,1,0,2,0,10
2013-2014 Regular Season,30-10-2013,Tyler Zeller,Cle,Bro,H,4.0,0,0,0,0,0,0,0,0,0,0,1,0,1,0,0
2013-2014 Regular Season,30-10-2013,LeBron James,Mia,Phi,R,36.4,9,17,4,7,3,4,0,4,4,13,3,0,4,0,25
2013-2014 Regular Season,30-10-2013,Udonis Haslem,Mia,Phi,R,11.3,1,1,0,0,0,1,0,0,0,0,0,0,1,0,2
2013-2014 Regular Season,30-10-2013,Chris Bosh,Mia,Phi,R,34.2,8,13,2,3,4,4,3,7,10,1,4,1,4,0,22
2013-2014 Regular Season,30-10-2013,Roger Mason,Mia,Phi,R,14.4,1,3,1,2,0,0,0,0,0,2,1,0,2,0,3
2013-2014 Regular Season,30-10-2013,Mario Chalmers,Mia,Phi,R,30.4,6,13,4,6,0,0,2,3,5,4,4,3,2,0,16
2013-2014 Regular Season,30-10-2013,Shane Battier,Mia,Phi,R,23.4,1,8,0,7,0,0,1,1,2,0,4,0,0,0,2
2013-2014 Regular Season,30-10-2013,Norris Cole,Mia,Phi,R,26.6,5,8,0,2,0,0,0,3,3,3,4,0,2,0,10
2013-2014 Regular Season,30-10-2013,Ray Allen,Mia,Phi,R,27.5,7,13,4,9,1,1,1,5,6,1,0,2,0,0,19
2013-2014 Regular Season,30-10-2013,Chris Andersen,Mia,Phi,R,13.5,0,1,0,0,0,0,0,0,0,1,3,0,3,0,0
2013-2014 Regular Season,30-10-2013,Rashard Lewis,Mia,Phi,R,20.1,4,8,1,4,2,3,0,1,1,5,2,1,1,0,11
2013-2014 Regular Season,30-10-2013,Evan Turner,Phi,Mia,H,37.1,10,19,0,4,6,6,0,4,4,5,3,1,3,0,26
2013-2014 Regular Season,30-10-2013,Thaddeus Young,Phi,Mia,H,34.2,5,15,0,1,0,0,4,2,6,2,2,2,5,0,10
2013-2014 Regular Season,30-10-2013,Spencer Hawes,Phi,Mia,H,29.2,10,14,1,2,3,4,3,6,9,2,4,0,2,0,24
2013-2014 Regular Season,30-10-2013,James Anderson,Phi,Mia,H,35.2,3,8,2,5,0,0,0,6,6,1,3,2,3,0,8
2013-2014 Regular Season,30-10-2013,Michael Carter-Williams,Phi,Mia,H,36.1,6,10,4,6,6,8,0,7,7,12,1,9,1,0,22
2013-2014 Regular Season,30-10-2013,Tony Wroten,Phi,Mia,H,23.2,6,9,1,3,1,2,1,3,4,2,1,1,2,0,14
2013-2014 Regular Season,30-10-2013,Lavoy Allen,Phi,Mia,H,17.3,1,3,0,0,2,2,0,3,3,0,2,0,0,0,4
2013-2014 Regular Season,30-10-2013,Daniel Orton,Phi,Mia,H,14.5,1,1,0,0,2,2,0,1,1,0,4,1,1,1,4
2013-2014 Regular Season,30-10-2013,Darius Morris,Phi,Mia,H,11.5,1,1,0,0,0,0,0,0,0,0,1,0,1,0,2
2013-2014 Regular Season,30-10-2013,Gerald Wallace,Bos,Tor,R,39.5,1,1,0,0,1,4,0,3,3,2,2,4,5,0,3
2013-2014 Regular Season,30-10-2013,Brandon Bass,Bos,Tor,R,32.1,6,7,0,0,5,5,1,1,2,2,2,2,1,0,17
2013-2014 Regular Season,30-10-2013,Vitor Faverani,Bos,Tor,R,26.4,4,9,0,1,5,8,1,2,3,0,5,0,3,3,13
2013-2014 Regular Season,30-10-2013,Jeff Green,Bos,Tor,R,37.0,8,16,2,3,7,9,0,5,5,2,4,1,1,1,25
2013-2014 Regular Season,30-10-2013,Avery Bradley,Bos,Tor,R,31.2,4,13,0,3,0,0,1,4,5,4,6,2,4,1,8
2013-2014 Regular Season,30-10-2013,Jordan Crawford,Bos,Tor,R,17.4,3,5,1,1,0,0,2,1,3,5,2,0,1,0,7
2013-2014 Regular Season,30-10-2013,Kelly Olynyk,Bos,Tor,R,16.2,2,5,0,2,0,0,0,0,0,0,2,0,3,0,4
2013-2014 Regular Season,30-10-2013,Kris Humphries,Bos,Tor,R,20.5,3,4,0,0,2,3,2,7,9,0,2,0,2,2,8
2013-2014 Regular Season,30-10-2013,Courtney Lee,Bos,Tor,R,14.3,1,4,0,2,0,0,0,2,2,0,0,1,2,0,2
2013-2014 Regular Season,30-10-2013,Phil Pressey,Bos,Tor,R,3.4,0,2,0,1,0,0,0,1,1,0,2,0,0,0,0
2013-2014 Regular Season,30-10-2013,Rudy Gay,Tor,Bos,H,34.1,8,18,1,2,2,3,2,6,8,1,3,2,5,0,19
2013-2014 Regular Season,30-10-2013,Amir Johnson,Tor,Bos,H,24.2,6,8,1,3,0,0,2,1,3,2,4,0,0,1,13
2013-2014 Regular Season,30-10-2013,Jonas Valanciunas,Tor,Bos,H,31.2,4,9,0,0,0,0,5,6,11,0,4,1,3,2,8
2013-2014 Regular Season,30-10-2013,DeMar DeRozan,Tor,Bos,H,40.2,6,19,1,3,0,2,0,2,2,2,3,2,5,0,13
2013-2014 Regular Season,30-10-2013,Kyle Lowry,Tor,Bos,H,34.5,2,8,0,3,7,12,2,1,3,8,2,2,2,0,11
2013-2014 Regular Season,30-10-2013,Tyler Hansbrough,Tor,Bos,H,24.4,3,4,0,0,1,2,5,7,12,0,1,0,0,3,7
2013-2014 Regular Season,30-10-2013,Landry Fields,Tor,Bos,H,18.1,4,7,0,0,0,1,3,3,6,0,4,0,0,0,8
2013-2014 Regular Season,30-10-2013,Steve Novak,Tor,Bos,H,6.4,1,3,1,2,0,0,0,1,1,0,1,0,0,0,3
2013-2014 Regular Season,30-10-2013,D.J. Augustin,Tor,Bos,H,13.2,2,7,0,3,1,1,0,0,0,2,1,0,1,0,5
2013-2014 Regular Season,30-10-2013,Terrence Ross,Tor,Bos,H,12.1,2,3,1,1,1,2,0,2,2,0,2,2,1,0,6
2013-2014 Regular Season,30-10-2013,Trevor Ariza,Was,Det,R,37.4,8,14,6,11,6,8,1,9,10,3,4,1,2,0,28
2013-2014 Regular Season,30-10-2013,Trevor Booker,Was,Det,R,20.2,1,3,0,0,0,0,4,1,5,3,3,0,1,0,2
2013-2014 Regular Season,30-10-2013,Nene Hilario,Was,Det,R,30.2,4,6,0,0,4,7,1,2,3,1,4,1,0,1,12
2013-2014 Regular Season,30-10-2013,Bradley Beal,Was,Det,R,38.2,6,18,2,6,3,3,1,3,4,2,3,0,3,0,17
2013-2014 Regular Season,30-10-2013,John Wall,Was,Det,R,38.6,8,21,0,4,4,6,2,0,2,11,3,3,4,0,20
2013-2014 Regular Season,30-10-2013,Marcin Gortat,Was,Det,R,16.5,3,6,0,0,3,4,4,5,9,0,5,0,3,1,9
2013-2014 Regular Season,30-10-2013,Al Harrington,Was,Det,R,18.2,1,4,0,1,2,2,0,0,0,1,4,0,2,0,4
2013-2014 Regular Season,30-10-2013,Eric Maynor,Was,Det,R,9.0,1,3,1,1,0,0,0,2,2,1,0,0,0,0,3
2013-2014 Regular Season,30-10-2013,Martell Webster,Was,Det,R,20.6,1,1,1,1,2,2,0,2,2,0,2,0,0,0,5
2013-2014 Regular Season,30-10-2013,Garrett Temple,Was,Det,R,5.0,0,1,0,1,0,0,0,0,0,1,1,0,0,1,0
2013-2014 Regular Season,30-10-2013,Kevin Seraphin,Was,Det,R,4.2,1,1,0,0,0,0,0,1,1,0,1,0,1,0,2
2013-2014 Regular Season,30-10-2013,Josh Smith,Det,Was,H,39.4,8,12,3,7,0,0,1,4,5,5,5,0,4,1,19
2013-2014 Regular Season,30-10-2013,Greg Monroe,Det,Was,H,41.3,6,15,0,0,12,15,5,11,16,3,3,1,5,1,24
2013-2014 Regular Season,30-10-2013,Andre Drummond,Det,Was,H,26.2,6,7,0,0,0,0,3,5,8,1,5,0,1,0,12
2013-2014 Regular Season,30-10-2013,Chauncey Billups,Det,Was,H,30.4,4,8,4,5,4,4,1,2,3,5,3,1,1,0,16
2013-2014 Regular Season,30-10-2013,Will Bynum,Det,Was,H,38.1,7,13,1,2,4,6,0,1,1,5,4,2,4,1,19
2013-2014 Regular Season,30-10-2013,Kentavious Caldwell-Pope,Det,Was,H,27.0,4,12,0,3,1,2,0,1,1,2,4,2,2,0,9
2013-2014 Regular Season,30-10-2013,Kyle Singler,Det,Was,H,27.2,2,6,1,5,3,3,2,6,8,1,2,0,0,0,8
2013-2014 Regular Season,30-10-2013,Jonas Jerebko,Det,Was,H,8.3,2,5,0,2,2,3,0,1,1,2,1,0,1,1,6
2013-2014 Regular Season,30-10-2013,Peyton Siva,Det,Was,H,0.2,0,0,0,0,0,0,0,0,0,0,0,0,0,0,0
2013-2014 Regular Season,30-10-2013,Tony Mitchell,Det,Was,H,0.2,0,0,0,0,0,0,0,1,1,0,0,0,0,0,0
2013-2014 Regular Season,30-10-2013,Luigi Datome,Det,Was,H,0.2,0,0,0,0,0,0,0,0,0,0,0,0,0,0,0
2013-2014 Regular Season,30-10-2013,Caron Butler,Mil,Nyk,R,33.3,5,9,2,3,2,2,1,3,4,1,4,1,7,0,14
2013-2014 Regular Season,30-10-2013,Khris Middleton,Mil,Nyk,R,19.2,1,4,0,1,0,0,0,0,0,1,3,0,3,0,2
2013-2014 Regular Season,30-10-2013,Larry Sanders,Mil,Nyk,R,12.2,0,3,0,0,0,0,1,3,4,0,5,0,2,1,0
2013-2014 Regular Season,30-10-2013,Brandon Knight,Mil,Nyk,R,1.5,0,0,0,0,0,0,0,1,1,0,0,0,1,0,0
2013-2014 Regular Season,30-10-2013,O.J. Mayo,Mil,Nyk,R,35.6,6,12,0,3,1,1,0,5,5,3,1,1,2,0,13
2013-2014 Regular Season,30-10-2013,Nate Wolters,Mil,Nyk,R,29.4,3,12,1,4,2,2,1,0,1,4,2,1,2,1,9
2013-2014 Regular Season,30-10-2013,Ersan Ilyasova,Mil,Nyk,R,19.4,5,6,0,0,0,0,0,2,2,1,1,3,2,0,10
2013-2014 Regular Season,30-10-2013,Gary Neal,Mil,Nyk,R,31.5,6,16,2,5,2,2,0,2,2,5,0,0,0,0,16
2013-2014 Regular Season,30-10-2013,Zaza Pachulia,Mil,Nyk,R,33.5,6,10,0,0,1,1,2,9,11,3,4,2,2,0,13
2013-2014 Regular Season,30-10-2013,Giannis Antetokounmpo,Mil,Nyk,R,4.4,0,0,0,0,1,2,0,0,0,0,2,0,1,0,1
2013-2014 Regular Season,30-10-2013,John Henson,Mil,Nyk,R,17.3,2,2,0,0,1,2,0,1,1,1,0,2,1,2,5
2013-2014 Regular Season,30-10-2013,Carmelo Anthony,Nyk,Mil,H,37.4,7,16,0,2,5,6,2,8,10,1,2,1,3,0,19
2013-2014 Regular Season,30-10-2013,Iman Shumpert,Nyk,Mil,H,33.1,5,13,1,5,5,5,0,4,4,1,2,0,1,1,16
2013-2014 Regular Season,30-10-2013,Tyson Chandler,Nyk,Mil,H,31.5,5,7,0,0,0,0,2,4,6,1,3,3,5,5,10
2013-2014 Regular Season,30-10-2013,Raymond Felton,Nyk,Mil,H,34.2,7,12,0,1,4,4,1,0,1,3,2,3,3,0,18
2013-2014 Regular Season,30-10-2013,Pablo Prigioni,Nyk,Mil,H,37.3,3,3,1,1,0,0,0,3,3,5,1,3,4,0,7
2013-2014 Regular Season,30-10-2013,Metta World Peace,Nyk,Mil,H,17.6,2,4,0,0,0,0,0,4,4,0,0,1,1,0,4
2013-2014 Regular Season,30-10-2013,Andrea Bargnani,Nyk,Mil,H,17.1,3,9,0,3,0,0,0,2,2,1,2,1,3,0,6
2013-2014 Regular Season,30-10-2013,Beno Udrih,Nyk,Mil,H,10.3,1,4,0,0,0,0,0,1,1,2,2,0,2,0,2
2013-2014 Regular Season,30-10-2013,Tim Hardaway,Nyk,Mil,H,15.1,2,2,1,1,0,0,0,0,0,2,2,0,0,0,5
2013-2014 Regular Season,30-10-2013,Kenyon Martin,Nyk,Mil,H,4.6,1,1,0,0,1,2,1,2,3,1,0,0,0,0,3
2013-2014 Regular Season,30-10-2013,Michael Kidd-Gilchrist,Cha,Hou,R,30.4,3,7,0,0,1,5,1,7,8,2,4,1,0,1,7
2013-2014 Regular Season,30-10-2013,Josh McRoberts,Cha,Hou,R,29.5,5,9,3,4,2,2,1,3,4,3,3,1,1,1,15
2013-2014 Regular Season,30-10-2013,Al Jefferson,Cha,Hou,R,30.2,6,19,0,0,1,2,4,4,8,1,2,0,0,2,13
2013-2014 Regular Season,30-10-2013,Gerald Henderson,Cha,Hou,R,31.4,5,16,0,2,1,1,0,2,2,2,2,0,0,0,11
2013-2014 Regular Season,30-10-2013,Kemba Walker,Cha,Hou,R,34.4,5,10,0,1,2,2,1,1,2,5,3,4,3,0,12
2013-2014 Regular Season,30-10-2013,Cody Zeller,Cha,Hou,R,15.3,1,6,0,0,0,0,3,1,4,0,2,0,1,1,2
2013-2014 Regular Season,30-10-2013,Bismack Biyombo,Cha,Hou,R,16.4,2,4,0,0,0,0,1,4,5,0,2,0,0,0,4
2013-2014 Regular Season,30-10-2013,Jeff Taylor,Cha,Hou,R,27.5,1,6,0,2,3,4,0,2,2,0,0,1,0,1,5
2013-2014 Regular Season,30-10-2013,Ramon Sessions,Cha,Hou,R,19.2,5,11,1,1,3,4,1,1,2,1,2,1,2,0,14
2013-2014 Regular Season,30-10-2013,Jeff Adrien,Cha,Hou,R,1.0,0,1,0,0,0,0,0,0,0,0,0,0,0,0,0
2013-2014 Regular Season,30-10-2013,Anthony Tolliver,Cha,Hou,R,2.4,0,1,0,0,0,0,0,0,0,0,1,0,0,0,0
2013-2014 Regular Season,30-10-2013,Chandler Parsons,Hou,Cha,H,39.3,4,11,0,3,2,4,0,5,5,3,2,1,0,1,10
2013-2014 Regular Season,30-10-2013,Dwight Howard,Hou,Cha,H,34.4,8,14,0,0,1,4,6,20,26,2,3,0,4,2,17
2013-2014 Regular Season,30-10-2013,Omer Asik,Hou,Cha,H,26.1,1,5,0,0,2,4,5,9,14,0,1,1,1,2,4
2013-2014 Regular Season,30-10-2013,James Harden,Hou,Cha,H,36.5,7,16,1,6,6,6,1,2,3,5,1,1,5,0,21
2013-2014 Regular Season,30-10-2013,Patrick Beverley,Hou,Cha,H,10.2,2,4,1,3,0,0,1,0,1,1,0,0,2,0,5
2013-2014 Regular Season,30-10-2013,Omri Casspi,Hou,Cha,H,20.2,2,6,0,2,0,0,1,3,4,2,2,0,1,1,4
2013-2014 Regular Season,30-10-2013,Jeremy Lin,Hou,Cha,H,30.6,5,7,2,2,4,6,0,0,0,2,2,0,2,0,16
2013-2014 Regular Season,30-10-2013,Francisco Garcia,Hou,Cha,H,30.0,7,13,5,9,0,0,0,1,1,1,2,0,1,0,19
2013-2014 Regular Season,30-10-2013,Aaron Brooks,Hou,Cha,H,11.1,0,0,0,0,0,0,0,0,0,1,3,1,2,0,0
2013-2014 Regular Season,30-10-2013,Maurice Harkless,Orl,Min,R,19.2,1,3,0,1,0,0,0,1,1,1,2,0,1,0,2
2013-2014 Regular Season,30-10-2013,Jason Maxiell,Orl,Min,R,16.4,2,3,0,0,0,0,0,2,2,0,1,0,0,0,4
2013-2014 Regular Season,30-10-2013,Nikola Vucevic,Orl,Min,R,45.4,9,15,0,0,4,6,7,9,16,3,4,3,2,3,22
2013-2014 Regular Season,30-10-2013,Arron Afflalo,Orl,Min,R,41.0,11,22,3,5,3,4,0,9,9,5,1,1,3,0,28
2013-2014 Regular Season,30-10-2013,Jameer Nelson,Orl,Min,R,41.0,7,17,3,11,1,2,0,4,4,8,6,2,4,0,18
2013-2014 Regular Season,30-10-2013,Victor Oladipo,Orl,Min,R,36.3,5,14,1,5,3,4,0,6,6,4,5,0,4,1,14
2013-2014 Regular Season,30-10-2013,E'Twaun Moore,Orl,Min,R,21.1,4,11,2,3,0,0,0,1,1,0,2,1,1,1,10
2013-2014 Regular Season,30-10-2013,Andrew Nicholson,Orl,Min,R,19.1,6,12,1,2,0,0,1,6,7,0,5,0,1,0,13
2013-2014 Regular Season,30-10-2013,Kyle O'Quinn,Orl,Min,R,2.3,0,0,0,0,0,0,0,0,0,0,1,0,1,0,0
2013-2014 Regular Season,30-10-2013,Solomon Jones,Orl,Min,R,22.0,2,3,0,0,0,2,6,2,8,0,2,0,1,1,4
2013-2014 Regular Season,30-10-2013,Corey Brewer,Min,Orl,H,39.4,7,11,1,4,1,3,1,2,3,2,2,3,3,0,16
2013-2014 Regular Season,30-10-2013,Kevin Love,Min,Orl,H,40.4,8,19,3,8,12,16,4,13,17,4,3,0,1,0,31
2013-2014 Regular Season,30-10-2013,Nikola Pekovic,Min,Orl,H,29.4,5,11,0,0,1,1,1,6,7,0,3,0,2,0,11
2013-2014 Regular Season,30-10-2013,Kevin Martin,Min,Orl,H,43.2,6,19,2,7,9,9,0,2,2,3,1,0,1,0,23
2013-2014 Regular Season,30-10-2013,Ricky Rubio,Min,Orl,H,40.1,5,15,1,3,2,2,2,4,6,11,3,3,4,1,13
2013-2014 Regular Season,30-10-2013,Ronny Turiaf,Min,Orl,H,15.3,1,4,0,0,1,1,1,2,3,1,3,1,0,1,3
2013-2014 Regular Season,30-10-2013,Jose Barea,Min,Orl,H,20.0,4,9,1,2,2,2,1,1,2,4,2,0,1,0,11
2013-2014 Regular Season,30-10-2013,Alexey Shved,Min,Orl,H,15.5,1,5,0,1,0,0,1,2,3,2,0,0,2,0,2
2013-2014 Regular Season,30-10-2013,Dante Cunningham,Min,Orl,H,20.1,5,7,0,0,0,0,3,3,6,0,2,0,0,1,10
2013-2014 Regular Season,30-10-2013,Paul George,Ind,Nor,R,39.3,9,19,4,11,10,13,0,6,6,5,2,2,2,0,32
2013-2014 Regular Season,30-10-2013,David West,Ind,Nor,R,33.2,3,11,0,0,6,6,0,7,7,5,3,1,3,2,12
2013-2014 Regular Season,30-10-2013,Roy Hibbert,Ind,Nor,R,21.4,2,5,0,0,2,3,2,2,4,1,5,0,2,5,6
2013-2014 Regular Season,30-10-2013,Lance Stephenson,Ind,Nor,R,41.2,7,12,2,4,0,0,2,6,8,4,1,0,2,0,16
2013-2014 Regular Season,30-10-2013,George Hill,Ind,Nor,R,35.4,6,13,4,7,3,4,0,1,1,4,4,1,3,0,19
2013-2014 Regular Season,30-10-2013,Ian Mahinmi,Ind,Nor,R,24.1,0,3,0,0,0,0,1,6,7,0,1,1,1,4,0
2013-2014 Regular Season,30-10-2013,Orlando Johnson,Ind,Nor,R,12.4,0,2,0,1,2,2,0,0,0,0,0,0,0,0,2
2013-2014 Regular Season,30-10-2013,C.J. Watson,Ind,Nor,R,15.1,0,1,0,0,2,2,0,2,2,0,0,0,0,0,2
2013-2014 Regular Season,30-10-2013,Luis Scola,Ind,Nor,R,16.4,3,4,0,0,0,0,1,1,2,0,2,0,3,1,6
2013-2014 Regular Season,30-10-2013,Al-Farouq Aminu,Nor,Ind,H,23.1,0,2,0,1,1,2,0,4,4,2,5,2,1,0,1
2013-2014 Regular Season,30-10-2013,Anthony Davis,Nor,Ind,H,37.4,8,20,0,0,4,4,7,5,12,0,4,1,4,3,20
2013-2014 Regular Season,30-10-2013,Jason Smith,Nor,Ind,H,20.3,4,6,0,0,0,0,1,1,2,1,6,0,0,1,8
2013-2014 Regular Season,30-10-2013,Eric Gordon,Nor,Ind,H,33.3,8,19,3,5,6,9,1,2,3,1,0,2,1,0,25
2013-2014 Regular Season,30-10-2013,Jrue Holiday,Nor,Ind,H,36.1,8,18,2,4,6,6,0,7,7,5,3,1,2,0,24
2013-2014 Regular Season,30-10-2013,Tyreke Evans,Nor,Ind,H,22.4,2,8,0,0,0,0,0,2,2,3,2,0,3,0,4
2013-2014 Regular Season,30-10-2013,Greg Stiemsma,Nor,Ind,H,14.6,1,2,0,0,0,0,4,1,5,0,4,1,2,1,2
2013-2014 Regular Season,30-10-2013,Anthony Morrow,Nor,Ind,H,14.0,1,3,0,1,0,0,0,1,1,0,0,0,0,0,2
2013-2014 Regular Season,30-10-2013,Brian Roberts,Nor,Ind,H,14.4,1,2,0,0,0,0,0,1,1,2,1,0,0,0,2
2013-2014 Regular Season,30-10-2013,Lance Thomas,Nor,Ind,H,7.1,0,2,0,0,0,0,1,0,1,0,1,0,1,0,0
2013-2014 Regular Season,30-10-2013,Arinze Onuaku,Nor,Ind,H,15.3,1,3,0,0,0,0,1,4,5,3,3,0,1,0,2
2013-2014 Regular Season,30-10-2013,DeMarre Carroll,Atl,Dal,R,34.3,3,7,2,4,6,8,1,6,7,1,1,3,2,0,14
2013-2014 Regular Season,30-10-2013,Paul Millsap,Atl,Dal,R,35.5,9,15,0,2,2,4,2,3,5,3,4,1,2,1,20
2013-2014 Regular Season,30-10-2013,Al Horford,Atl,Dal,R,31.6,5,12,0,0,1,2,1,4,5,3,1,5,3,4,11
2013-2014 Regular Season,30-10-2013,Kyle Korver,Atl,Dal,R,35.4,3,9,1,4,1,1,0,5,5,3,1,2,0,0,8
2013-2014 Regular Season,30-10-2013,Jeff Teague,Atl,Dal,R,34.2,7,13,1,4,9,12,0,2,2,9,3,4,6,0,24
2013-2014 Regular Season,30-10-2013,Mike Scott,Atl,Dal,R,7.2,0,1,0,0,0,0,0,1,1,0,4,0,2,0,0
2013-2014 Regular Season,30-10-2013,Dennis Schroeder,Atl,Dal,R,18.3,2,5,1,2,0,0,0,4,4,5,3,0,2,0,5
2013-2014 Regular Season,30-10-2013,Elton Brand,Atl,Dal,R,13.0,4,5,0,0,0,0,0,0,0,0,0,0,0,0,8
2013-2014 Regular Season,30-10-2013,Cartier Martin,Atl,Dal,R,16.5,4,8,3,7,6,6,1,1,2,1,3,1,0,0,17
2013-2014 Regular Season,30-10-2013,Pero Antic,Atl,Dal,R,7.5,0,1,0,1,0,0,0,2,2,0,0,0,0,0,0
2013-2014 Regular Season,30-10-2013,Shelvin Mack,Atl,Dal,R,4.2,0,0,0,0,2,2,0,0,0,2,0,0,0,0,2
2013-2014 Regular Season,30-10-2013,Shawn Marion,Dal,Atl,H,30.4,6,9,0,1,0,2,0,8,8,1,2,2,2,1,12
2013-2014 Regular Season,30-10-2013,Dirk Nowitzki,Dal,Atl,H,33.0,8,14,4,6,4,4,0,4,4,5,4,0,1,0,24
2013-2014 Regular Season,30-10-2013,Samuel Dalembert,Dal,Atl,H,26.5,2,4,0,0,0,0,1,8,9,0,1,0,1,1,4
2013-2014 Regular Season,30-10-2013,Monta Ellis,Dal,Atl,H,36.5,11,17,2,3,8,8,0,4,4,8,3,2,7,0,32
2013-2014 Regular Season,30-10-2013,Jose Calderon,Dal,Atl,H,34.4,1,7,1,5,2,2,0,2,2,11,3,1,4,0,5
2013-2014 Regular Season,30-10-2013,Vince Carter,Dal,Atl,H,25.2,9,16,2,5,1,2,0,4,4,2,3,1,2,0,21
2013-2014 Regular Season,30-10-2013,DeJuan Blair,Dal,Atl,H,21.1,4,5,0,0,1,2,5,0,5,0,3,0,1,0,9
2013-2014 Regular Season,30-10-2013,Wayne Ellington,Dal,Atl,H,13.4,2,4,1,3,1,2,1,2,3,0,1,1,0,0,6
2013-2014 Regular Season,30-10-2013,Gal Mekel,Dal,Atl,H,8.5,0,0,0,0,2,2,0,2,2,3,1,0,2,0,2
2013-2014 Regular Season,30-10-2013,Jae Crowder,Dal,Atl,H,9.0,1,1,1,1,0,0,0,1,1,1,1,0,0,0,3
2013-2014 Regular Season,30-10-2013,Tayshaun Prince,Mem,San,R,19.5,4,11,1,2,0,0,0,2,2,1,1,0,0,0,9
2013-2014 Regular Season,30-10-2013,Zach Randolph,Mem,San,R,25.4,1,6,0,0,0,0,2,5,7,1,1,0,1,1,2
2013-2014 Regular Season,30-10-2013,Marc Gasol,Mem,San,R,34.0,7,15,0,0,0,0,1,8,9,2,1,1,2,0,14
2013-2014 Regular Season,30-10-2013,Tony Allen,Mem,San,R,28.1,6,8,3,3,0,3,1,2,3,2,0,2,3,1,15
2013-2014 Regular Season,30-10-2013,Mike Conley,Mem,San,R,27.1,7,17,0,3,0,0,0,2,2,7,5,2,3,0,14
2013-2014 Regular Season,30-10-2013,Mike Miller,Mem,San,R,24.5,3,6,2,3,3,3,0,4,4,3,2,0,1,0,11
2013-2014 Regular Season,30-10-2013,Jerryd Bayless,Mem,San,R,22.0,2,9,0,0,1,2,2,2,4,3,2,0,1,0,5
2013-2014 Regular Season,30-10-2013,Ed Davis,Mem,San,R,7.5,0,2,0,0,0,0,1,2,3,0,0,0,0,0,0
2013-2014 Regular Season,30-10-2013,Quincy Pondexter,Mem,San,R,21.5,4,9,2,4,3,3,2,0,2,3,0,1,1,1,13
2013-2014 Regular Season,30-10-2013,Kosta Koufos,Mem,San,R,13.6,3,4,0,0,1,4,1,2,3,0,2,0,0,0,7
2013-2014 Regular Season,30-10-2013,Nick Calathes,Mem,San,R,4.5,1,3,0,0,0,0,1,1,2,2,0,0,1,0,2
2013-2014 Regular Season,30-10-2013,Jon Leuer,Mem,San,R,9.5,1,3,0,0,0,0,0,3,3,0,1,0,1,0,2
2013-2014 Regular Season,30-10-2013,Kawhi Leonard,San,Mem,H,30.2,5,9,2,2,2,2,1,6,7,1,2,0,4,2,14
2013-2014 Regular Season,30-10-2013,Tim Duncan,San,Mem,H,17.2,1,6,0,0,1,3,0,6,6,2,2,0,0,0,3
2013-2014 Regular Season,30-10-2013,Tiago Splitter,San,Mem,H,28.3,5,8,0,0,1,2,2,6,8,2,2,0,0,0,11
2013-2014 Regular Season,30-10-2013,Danny Green,San,Mem,H,22.4,3,7,1,3,0,0,0,1,1,1,0,0,4,2,7
2013-2014 Regular Season,30-10-2013,Tony Parker,San,Mem,H,31.2,4,14,2,3,3,4,0,1,1,9,0,1,1,0,13
2013-2014 Regular Season,30-10-2013,Manu Ginobili,San,Mem,H,24.1,6,9,0,1,0,0,0,4,4,5,2,2,1,0,12
2013-2014 Regular Season,30-10-2013,Matt Bonner,San,Mem,H,16.3,3,4,2,3,0,0,0,2,2,0,2,0,1,0,8
2013-2014 Regular Season,30-10-2013,Marco Belinelli,San,Mem,H,18.6,2,5,0,2,1,2,0,4,4,1,1,0,1,0,5
2013-2014 Regular Season,30-10-2013,Patrick Mills,San,Mem,H,16.4,4,4,3,3,1,1,1,0,1,1,0,0,0,0,12
2013-2014 Regular Season,30-10-2013,Jeff Ayres,San,Mem,H,11.2,1,1,0,0,0,0,0,2,2,2,4,0,2,1,2
2013-2014 Regular Season,30-10-2013,Boris Diaw,San,Mem,H,20.2,6,9,1,3,1,2,0,4,4,1,2,0,0,1,14
2013-2014 Regular Season,30-10-2013,Aron Baynes,San,Mem,H,1.6,0,0,0,0,0,0,0,0,0,0,1,0,1,0,0
2013-2014 Regular Season,30-10-2013,Kevin Durant,Okc,Uta,R,39.1,9,24,2,8,22,24,0,6,6,1,1,3,5,0,42
2013-2014 Regular Season,30-10-2013,Serge Ibaka,Okc,Uta,R,37.3,4,15,0,0,0,0,4,6,10,0,3,1,1,2,8
2013-2014 Regular Season,30-10-2013,Kendrick Perkins,Okc,Uta,R,26.5,2,5,0,1,0,0,2,6,8,1,4,1,1,0,4
2013-2014 Regular Season,30-10-2013,Thabo Sefolosha,Okc,Uta,R,31.3,6,11,2,5,0,0,0,4,4,1,2,2,1,0,14
2013-2014 Regular Season,30-10-2013,Reggie Jackson,Okc,Uta,R,32.1,5,10,2,3,2,2,0,2,2,3,2,5,3,0,14
2013-2014 Regular Season,30-10-2013,Nick Collison,Okc,Uta,R,12.6,2,4,0,0,2,2,1,3,4,0,5,1,1,1,6
2013-2014 Regular Season,30-10-2013,Derek Fisher,Okc,Uta,R,16.5,1,3,0,1,2,2,0,3,3,2,1,1,0,0,4
2013-2014 Regular Season,30-10-2013,Jeremy Lamb,Okc,Uta,R,17.3,2,6,0,1,0,0,1,2,3,0,2,1,0,0,4
2013-2014 Regular Season,30-10-2013,Steven Adams,Okc,Uta,R,18.3,1,1,0,0,0,1,2,1,3,1,3,0,0,0,2
2013-2014 Regular Season,30-10-2013,Perry Jones,Okc,Uta,R,7.1,1,2,0,0,1,2,0,2,2,0,1,0,1,1,3
2013-2014 Regular Season,30-10-2013,Richard Jefferson,Uta,Okc,H,19.4,4,9,2,5,0,1,0,3,3,0,3,0,2,2,10
2013-2014 Regular Season,30-10-2013,Derrick Favors,Uta,Okc,H,42.5,6,11,0,0,3,7,1,8,9,5,5,1,6,2,15
2013-2014 Regular Season,30-10-2013,Enes Kanter,Uta,Okc,H,29.0,6,10,0,0,2,2,3,7,10,1,2,0,2,1,14
2013-2014 Regular Season,30-10-2013,Gordon Hayward,Uta,Okc,H,27.4,4,13,2,6,2,4,1,3,4,5,4,3,4,0,12
2013-2014 Regular Season,30-10-2013,John Lucas,Uta,Okc,H,36.3,2,7,2,5,2,2,0,1,1,5,2,0,1,0,8
2013-2014 Regular Season,30-10-2013,Rudy Gobert,Uta,Okc,H,22.5,1,2,0,0,0,2,3,4,7,0,2,0,2,0,2
2013-2014 Regular Season,30-10-2013,Alec Burks,Uta,Okc,H,31.3,8,16,0,3,8,9,1,5,6,6,3,0,3,0,24
2013-2014 Regular Season,30-10-2013,Jamaal Tinsley,Uta,Okc,H,8.1,0,3,0,3,0,0,0,0,0,3,1,0,1,0,0
2013-2014 Regular Season,30-10-2013,Mike Harris,Uta,Okc,H,21.5,5,8,0,0,3,3,1,3,4,0,6,2,1,0,13
2013-2014 Regular Season,30-10-2013,Nicolas Batum,Por,Pho,R,36.4,3,9,1,5,0,0,2,11,13,4,2,1,4,1,7
2013-2014 Regular Season,30-10-2013,LaMarcus Aldridge,Por,Pho,R,39.3,12,22,0,0,4,5,1,3,4,2,2,0,2,0,28
2013-2014 Regular Season,30-10-2013,Robin Lopez,Por,Pho,R,33.3,1,4,0,0,1,4,1,1,2,2,3,2,1,2,3
2013-2014 Regular Season,30-10-2013,Wesley Matthews,Por,Pho,R,33.1,3,9,1,4,2,2,2,5,7,4,1,0,1,0,9
2013-2014 Regular Season,30-10-2013,Damian Lillard,Por,Pho,R,42.1,10,20,6,12,6,8,2,2,4,2,2,1,0,1,32
2013-2014 Regular Season,30-10-2013,Joel Freeland,Por,Pho,R,12.1,1,3,0,0,1,2,3,1,4,1,2,0,1,0,3
2013-2014 Regular Season,30-10-2013,Mo Williams,Por,Pho,R,21.5,1,9,0,4,0,0,0,2,2,3,2,1,3,1,2
2013-2014 Regular Season,30-10-2013,Dorell Wright,Por,Pho,R,12.2,0,2,0,1,3,3,0,1,1,1,0,0,1,0,3
2013-2014 Regular Season,30-10-2013,Thomas Robinson,Por,Pho,R,8.3,2,3,0,0,0,0,0,2,2,0,0,0,0,0,4
2013-2014 Regular Season,30-10-2013,P.J. Tucker,Pho,Por,H,38.4,7,13,2,2,2,2,4,1,5,2,1,2,1,0,18
2013-2014 Regular Season,30-10-2013,Channing Frye,Pho,Por,H,22.2,3,7,1,5,0,0,0,3,3,0,4,1,1,0,7
2013-2014 Regular Season,30-10-2013,Miles Plumlee,Pho,Por,H,39.6,8,14,0,0,2,2,5,10,15,0,1,0,2,3,18
2013-2014 Regular Season,30-10-2013,Goran Dragic,Pho,Por,H,41.1,12,21,1,4,1,1,0,6,6,9,4,1,3,0,26
2013-2014 Regular Season,30-10-2013,Eric Bledsoe,Pho,Por,H,38.5,7,12,0,3,8,11,0,7,7,6,2,1,4,0,22
2013-2014 Regular Season,30-10-2013,Marcus Morris,Pho,Por,H,25.4,3,9,0,4,0,0,0,7,7,1,2,3,3,1,6
2013-2014 Regular Season,30-10-2013,Gerald Green,Pho,Por,H,16.6,2,3,0,1,1,2,0,1,1,0,0,0,0,0,5
2013-2014 Regular Season,30-10-2013,Alex Len,Pho,Por,H,8.0,1,1,0,0,0,0,1,1,2,0,3,0,1,1,2
2013-2014 Regular Season,30-10-2013,Archie Goodwin,Pho,Por,H,8.3,0,3,0,0,0,0,1,0,1,0,0,0,0,0,0
2013-2014 Regular Season,30-10-2013,Anthony Randolph,Den,Sac,R,15.1,1,2,0,1,0,0,0,2,2,0,1,0,2,1,2
2013-2014 Regular Season,30-10-2013,J.J. Hickson,Den,Sac,R,33.0,6,10,0,0,0,0,2,7,9,0,3,0,3,4,12
2013-2014 Regular Season,30-10-2013,JaVale McGee,Den,Sac,R,10.1,2,5,0,0,0,0,1,0,1,0,4,0,1,2,4
2013-2014 Regular Season,30-10-2013,Randy Foye,Den,Sac,R,32.4,4,8,2,5,2,3,0,5,5,1,2,1,3,0,12
2013-2014 Regular Season,30-10-2013,Ty Lawson,Den,Sac,R,35.5,5,15,2,4,8,8,0,5,5,8,1,2,4,0,20
2013-2014 Regular Season,30-10-2013,Timofey Mozgov,Den,Sac,R,19.3,4,6,0,0,2,2,0,2,2,0,2,0,1,3,10
2013-2014 Regular Season,30-10-2013,Evan Fournier,Den,Sac,R,21.1,2,8,1,3,0,0,2,3,5,2,2,0,2,0,5
2013-2014 Regular Season,30-10-2013,Kenneth Faried,Den,Sac,R,14.6,1,4,0,1,3,4,2,3,5,0,1,0,0,0,5
2013-2014 Regular Season,30-10-2013,Andre Miller,Den,Sac,R,21.2,6,9,0,0,0,0,0,3,3,3,0,0,1,0,12
2013-2014 Regular Season,30-10-2013,Darrell Arthur,Den,Sac,R,18.2,3,7,0,0,0,0,1,1,2,1,4,0,1,1,6
2013-2014 Regular Season,30-10-2013,Nate Robinson,Den,Sac,R,17.5,0,5,0,1,0,0,0,2,2,4,1,0,0,0,0
2013-2014 Regular Season,30-10-2013,John Salmons,Sac,Den,H,26.4,3,9,1,3,2,2,0,4,4,2,1,2,0,0,9
2013-2014 Regular Season,30-10-2013,Patrick Patterson,Sac,Den,H,26.4,1,6,1,3,0,0,1,5,6,0,5,3,0,0,3
2013-2014 Regular Season,30-10-2013,DeMarcus Cousins,Sac,Den,H,39.1,13,26,0,0,4,7,5,9,14,1,4,2,4,2,30
2013-2014 Regular Season,30-10-2013,Marcus Thornton,Sac,Den,H,31.0,1,6,0,3,2,3,0,2,2,1,3,0,0,0,4
2013-2014 Regular Season,30-10-2013,Greivis Vasquez,Sac,Den,H,36.2,6,9,1,2,4,5,0,2,2,4,2,0,2,0,17
2013-2014 Regular Season,30-10-2013,Ben McLemore,Sac,Den,H,16.6,1,7,1,5,1,2,0,1,1,0,1,0,1,1,4
2013-2014 Regular Season,30-10-2013,Jason Thompson,Sac,Den,H,16.3,1,5,0,0,0,0,1,2,3,0,5,0,2,2,2
2013-2014 Regular Season,30-10-2013,Isaiah Thomas,Sac,Den,H,29.2,5,9,3,4,3,4,1,3,4,5,3,0,2,0,16
2013-2014 Regular Season,30-10-2013,Travis Outlaw,Sac,Den,H,6.3,2,4,1,1,0,0,1,0,1,0,2,0,1,1,5
2013-2014 Regular Season,30-10-2013,Chuck Hayes,Sac,Den,H,10.6,0,0,0,0,0,0,2,2,4,0,0,1,2,1,0
2013-2014 Regular Season,30-10-2013,Nick Young,Lal,Gol,R,19.4,2,9,1,2,1,1,0,2,2,1,4,0,0,0,6
2013-2014 Regular Season,30-10-2013,Shawne Williams,Lal,Gol,R,11.3,0,1,0,0,0,0,2,0,2,0,2,0,0,0,0
2013-2014 Regular Season,30-10-2013,Pau Gasol,Lal,Gol,R,23.0,5,10,0,0,2,2,2,5,7,3,1,0,3,1,12
2013-2014 Regular Season,30-10-2013,Jodie Meeks,Lal,Gol,R,22.2,4,8,1,3,5,6,1,2,3,0,0,0,2,0,14
2013-2014 Regular Season,30-10-2013,Steve Blake,Lal,Gol,R,31.4,4,13,2,3,0,0,0,3,3,4,1,2,2,0,10
2013-2014 Regular Season,30-10-2013,Chris Kaman,Lal,Gol,R,17.4,5,9,0,0,1,2,2,2,4,0,1,0,0,0,11
2013-2014 Regular Season,30-10-2013,Wesley Johnson,Lal,Gol,R,24.6,4,11,3,6,0,0,0,3,3,3,5,2,1,2,11
2013-2014 Regular Season,30-10-2013,Xavier Henry,Lal,Gol,R,35.3,4,11,0,1,6,9,0,4,4,1,5,0,4,0,14
2013-2014 Regular Season,30-10-2013,Jordan Farmar,Lal,Gol,R,25.4,5,13,1,3,1,1,0,3,3,5,1,0,3,0,12
2013-2014 Regular Season,30-10-2013,Jordan Hill,Lal,Gol,R,12.5,1,2,0,0,0,0,2,5,7,1,2,0,0,0,2
2013-2014 Regular Season,30-10-2013,Robert Sacre,Lal,Gol,R,7.4,1,1,0,0,0,0,0,1,1,0,0,0,1,1,2
2013-2014 Regular Season,30-10-2013,Elias Harris,Lal,Gol,R,7.4,0,1,0,0,0,0,0,0,0,1,0,1,0,0,0
2013-2014 Regular Season,30-10-2013,Andre Iguodala,Gol,Lal,H,27.5,3,7,1,3,0,0,0,4,4,4,1,2,2,1,7
2013-2014 Regular Season,30-10-2013,David Lee,Gol,Lal,H,26.3,8,13,0,0,8,9,3,5,8,5,3,0,4,1,24
2013-2014 Regular Season,30-10-2013,Andrew Bogut,Gol,Lal,H,17.6,1,2,0,0,0,0,1,7,8,4,4,2,0,2,2
2013-2014 Regular Season,30-10-2013,Klay Thompson,Gol,Lal,H,31.0,15,19,5,7,3,4,1,2,3,1,3,0,1,0,38
2013-2014 Regular Season,30-10-2013,Stephen Curry,Gol,Lal,H,23.6,4,10,2,5,0,0,0,4,4,6,4,1,1,0,10
2013-2014 Regular Season,30-10-2013,Jermaine O'Neal,Gol,Lal,H,19.5,2,5,0,0,3,4,0,1,1,1,1,1,1,2,7
2013-2014 Regular Season,30-10-2013,Draymond Green,Gol,Lal,H,18.6,3,4,1,1,0,0,0,7,7,2,1,0,0,2,7
2013-2014 Regular Season,30-10-2013,Marreese Speights,Gol,Lal,H,19.5,2,10,1,2,2,2,1,7,8,3,2,1,0,0,7
2013-2014 Regular Season,30-10-2013,Toney Douglas,Gol,Lal,H,24.3,5,8,3,6,0,0,1,3,4,4,1,0,2,0,13
2013-2014 Regular Season,30-10-2013,Kent Bazemore,Gol,Lal,H,12.1,2,5,2,2,1,2,0,1,1,4,0,1,1,0,7
2013-2014 Regular Season,30-10-2013,Ognjen Kuzmic,Gol,Lal,H,9.5,1,2,0,0,1,2,0,0,0,0,2,0,3,1,3
2013-2014 Regular Season,30-10-2013,Nemanja Nedovic,Gol,Lal,H,7.4,0,1,0,1,0,0,0,0,0,0,0,0,0,0,0
2013-2014 Regular Season,31-10-2013,Andrea Bargnani,Nyk,Chi,R,24.4,4,7,1,2,0,0,1,0,1,1,4,0,3,0,9
2013-2014 Regular Season,31-10-2013,Carmelo Anthony,Nyk,Chi,R,42.0,8,24,2,7,4,5,0,6,6,6,0,6,4,2,22
2013-2014 Regular Season,31-10-2013,Tyson Chandler,Nyk,Chi,R,36.0,3,8,0,0,1,2,8,11,19,2,2,1,2,4,7
2013-2014 Regular Season,31-10-2013,Iman Shumpert,Nyk,Chi,R,25.2,2,6,1,2,2,2,2,1,3,1,4,2,1,0,7
2013-2014 Regular Season,31-10-2013,Raymond Felton,Nyk,Chi,R,36.5,5,14,1,3,2,3,1,3,4,6,0,0,2,1,13
2013-2014 Regular Season,31-10-2013,Metta World Peace,Nyk,Chi,R,22.5,3,11,2,4,0,0,1,1,2,1,2,2,0,1,8
2013-2014 Regular Season,31-10-2013,Amar'e Stoudemire,Nyk,Chi,R,10.4,2,3,0,0,1,2,0,1,1,1,4,1,3,0,5
2013-2014 Regular Season,31-10-2013,Tim Hardaway,Nyk,Chi,R,26.5,4,13,2,6,0,0,0,3,3,0,4,0,0,0,10
2013-2014 Regular Season,31-10-2013,Pablo Prigioni,Nyk,Chi,R,11.2,0,0,0,0,0,0,0,3,3,2,4,0,0,0,0
2013-2014 Regular Season,31-10-2013,Kenyon Martin,Nyk,Chi,R,3.4,0,0,0,0,0,0,0,0,0,0,0,0,0,0,0
2013-2014 Regular Season,31-10-2013,Luol Deng,Chi,Nyk,H,39.5,8,15,1,4,0,0,1,2,3,6,1,0,0,0,17
2013-2014 Regular Season,31-10-2013,Carlos Boozer,Chi,Nyk,H,32.4,5,7,0,0,4,4,1,6,7,3,2,1,3,0,14
2013-2014 Regular Season,31-10-2013,Joakim Noah,Chi,Nyk,H,35.6,2,7,0,0,2,2,4,11,15,5,4,1,1,1,6
2013-2014 Regular Season,31-10-2013,Jimmy Butler,Chi,Nyk,H,41.3,3,11,0,4,5,6,3,7,10,1,0,2,1,1,11
2013-2014 Regular Season,31-10-2013,Derrick Rose,Chi,Nyk,H,33.4,7,23,2,5,2,2,3,3,6,3,2,0,4,0,18
2013-2014 Regular Season,31-10-2013,Taj Gibson,Chi,Nyk,H,20.5,3,5,0,0,1,2,1,3,4,0,2,0,2,1,7
2013-2014 Regular Season,31-10-2013,Kirk Hinrich,Chi,Nyk,H,16.3,3,6,0,1,3,3,0,1,1,1,3,1,5,0,9
2013-2014 Regular Season,31-10-2013,Mike Dunleavy,Chi,Nyk,H,14.4,0,2,0,2,0,0,0,2,2,1,2,0,0,0,0
2013-2014 Regular Season,31-10-2013,Nazr Mohammed,Chi,Nyk,H,4.2,0,0,0,0,0,0,0,0,0,0,0,0,2,0,0
2013-2014 Regular Season,31-10-2013,Andre Iguodala,Gol,Lac,R,42.5,5,8,1,3,3,6,1,3,4,11,1,2,3,0,14
2013-2014 Regular Season,31-10-2013,David Lee,Gol,Lac,R,28.5,8,15,0,0,6,8,2,3,5,2,6,1,1,0,22
2013-2014 Regular Season,31-10-2013,Andrew Bogut,Gol,Lac,R,28.1,6,7,0,0,5,7,2,4,6,0,5,0,1,1,17
2013-2014 Regular Season,31-10-2013,Klay Thompson,Gol,Lac,R,38.1,3,7,1,2,3,3,0,1,1,1,4,2,2,0,10
2013-2014 Regular Season,31-10-2013,Stephen Curry,Gol,Lac,R,38.3,14,23,9,14,1,1,0,3,3,9,3,0,11,0,38
2013-2014 Regular Season,31-10-2013,Jermaine O'Neal,Gol,Lac,R,15.5,1,6,0,0,2,2,2,1,3,0,3,0,1,1,4
2013-2014 Regular Season,31-10-2013,Draymond Green,Gol,Lac,R,21.3,1,3,1,1,1,4,2,6,8,1,5,2,2,0,4
2013-2014 Regular Season,31-10-2013,Toney Douglas,Gol,Lac,R,9.6,0,2,0,1,0,0,0,1,1,1,4,0,1,0,0
2013-2014 Regular Season,31-10-2013,Marreese Speights,Gol,Lac,R,11.4,2,5,0,0,2,2,1,1,2,0,3,0,1,0,6
2013-2014 Regular Season,31-10-2013,Kent Bazemore,Gol,Lac,R,2.6,0,0,0,0,0,0,0,0,0,1,0,0,0,0,0
2013-2014 Regular Season,31-10-2013,Nemanja Nedovic,Gol,Lac,R,0.5,0,0,0,0,0,0,0,0,0,0,0,0,0,0,0
2013-2014 Regular Season,31-10-2013,Ognjen Kuzmic,Gol,Lac,R,0.5,0,0,0,0,0,0,0,0,0,0,1,0,1,0,0
2013-2014 Regular Season,31-10-2013,Jared Dudley,Lac,Gol,H,32.6,4,6,2,4,0,0,1,0,1,2,5,2,2,0,10
2013-2014 Regular Season,31-10-2013,Blake Griffin,Lac,Gol,H,34.1,9,12,0,1,5,8,0,10,10,2,6,2,3,1,23
2013-2014 Regular Season,31-10-2013,DeAndre Jordan,Lac,Gol,H,41.1,3,9,0,0,3,12,10,7,17,1,2,2,0,1,9
2013-2014 Regular Season,31-10-2013,J.J. Redick,Lac,Gol,H,28.1,5,11,3,7,4,4,1,4,5,2,4,0,0,0,17
2013-2014 Regular Season,31-10-2013,Chris Paul,Lac,Gol,H,37.3,12,20,2,6,16,17,1,1,2,15,4,6,6,0,42
2013-2014 Regular Season,31-10-2013,Jamal Crawford,Lac,Gol,H,23.2,7,14,2,5,1,2,0,1,1,1,1,1,4,0,17
2013-2014 Regular Season,31-10-2013,Matt Barnes,Lac,Gol,H,17.6,0,4,0,1,4,4,1,2,3,2,3,0,1,0,4
2013-2014 Regular Season,31-10-2013,Ryan Hollins,Lac,Gol,H,4.2,2,2,0,0,0,0,0,1,1,0,1,1,0,1,4
2013-2014 Regular Season,31-10-2013,Darren Collison,Lac,Gol,H,11.1,0,3,0,0,0,1,1,1,2,1,1,0,1,0,0
2013-2014 Regular Season,31-10-2013,Byron Mullens,Lac,Gol,H,8.6,0,4,0,4,0,2,1,1,2,1,3,1,1,1,0
2013-2014 Regular Season,31-10-2013,Reggie Bullock,Lac,Gol,H,0.2,0,0,0,0,0,0,0,0,0,0,0,0,0,0,0
2013-2014 Regular Season,1-11-2013,Earl Clark,Cle,Cha,R,16.6,0,4,0,0,0,0,0,3,3,0,0,1,1,0,0
2013-2014 Regular Season,1-11-2013,Tristan Thompson,Cle,Cha,R,34.4,6,11,0,0,9,10,4,7,11,0,5,1,4,1,21
2013-2014 Regular Season,1-11-2013,Anderson Varejao,Cle,Cha,R,29.3,0,4,0,1,2,2,3,4,7,2,4,0,2,0,2
2013-2014 Regular Season,1-11-2013,Dion Waiters,Cle,Cha,R,14.2,1,5,0,1,0,0,0,0,0,0,2,0,2,0,2
2013-2014 Regular Season,1-11-2013,Kyrie Irving,Cle,Cha,R,30.5,7,17,0,3,2,5,2,2,4,7,3,0,3,0,16
2013-2014 Regular Season,1-11-2013,Jarrett Jack,Cle,Cha,R,27.4,7,13,1,3,0,0,0,3,3,3,0,0,3,0,15
2013-2014 Regular Season,1-11-2013,Alonzo Gee,Cle,Cha,R,24.4,0,2,0,1,1,2,0,3,3,1,4,2,1,0,1
2013-2014 Regular Season,1-11-2013,Andrew Bynum,Cle,Cha,R,10.5,2,7,0,0,1,2,1,2,3,0,1,0,0,0,5
2013-2014 Regular Season,1-11-2013,C.J. Miles,Cle,Cha,R,29.3,9,16,3,7,1,1,0,5,5,1,3,3,1,0,22
2013-2014 Regular Season,1-11-2013,Anthony Bennett,Cle,Cha,R,12.3,0,3,0,2,0,0,0,1,1,0,4,1,0,0,0
2013-2014 Regular Season,1-11-2013,Tyler Zeller,Cle,Cha,R,8.4,0,2,0,0,0,0,1,1,2,0,3,1,0,0,0
2013-2014 Regular Season,1-11-2013,Michael Kidd-Gilchrist,Cha,Cle,H,37.1,6,12,0,0,3,4,2,4,6,0,3,1,0,1,15
2013-2014 Regular Season,1-11-2013,Josh McRoberts,Cha,Cle,H,29.1,0,3,0,1,0,0,2,2,4,8,5,2,2,1,0
2013-2014 Regular Season,1-11-2013,Bismack Biyombo,Cha,Cle,H,36.5,5,6,0,0,1,2,1,9,10,0,3,0,1,2,11
2013-2014 Regular Season,1-11-2013,Gerald Henderson,Cha,Cle,H,28.1,2,10,0,0,6,8,0,3,3,1,3,1,3,0,10
2013-2014 Regular Season,1-11-2013,Kemba Walker,Cha,Cle,H,37.3,8,14,3,6,4,8,0,4,4,7,2,3,4,2,23
2013-2014 Regular Season,1-11-2013,Cody Zeller,Cha,Cle,H,18.5,4,9,0,0,1,2,0,5,5,0,2,0,0,0,9
2013-2014 Regular Season,1-11-2013,Jeff Taylor,Cha,Cle,H,21.4,3,8,0,4,2,4,0,1,1,1,0,0,2,0,8
2013-2014 Regular Season,1-11-2013,Ramon Sessions,Cha,Cle,H,19.4,4,10,0,1,1,3,0,1,1,4,1,0,3,0,9
2013-2014 Regular Season,1-11-2013,Jeff Adrien,Cha,Cle,H,11.1,1,1,0,0,3,3,0,3,3,0,1,0,0,2,5
2013-2014 Regular Season,1-11-2013,Al-Farouq Aminu,Nor,Orl,R,17.2,2,4,0,0,0,0,1,2,3,3,1,0,2,0,4
2013-2014 Regular Season,1-11-2013,Anthony Davis,Nor,Orl,R,38.2,9,23,0,0,8,8,8,9,17,1,4,1,0,3,26
2013-2014 Regular Season,1-11-2013,Jason Smith,Nor,Orl,R,26.1,3,12,0,0,0,0,3,3,6,0,3,1,0,1,6
2013-2014 Regular Season,1-11-2013,Eric Gordon,Nor,Orl,R,28.2,4,11,1,2,3,6,1,1,2,2,2,1,0,0,12
2013-2014 Regular Season,1-11-2013,Jrue Holiday,Nor,Orl,R,34.1,7,19,1,2,2,2,0,0,0,5,4,3,4,0,17
2013-2014 Regular Season,1-11-2013,Tyreke Evans,Nor,Orl,R,17.2,0,7,0,2,0,0,0,1,1,3,3,0,2,0,0
2013-2014 Regular Season,1-11-2013,Greg Stiemsma,Nor,Orl,R,16.5,0,2,0,0,1,2,1,5,6,0,2,0,1,0,1
2013-2014 Regular Season,1-11-2013,Anthony Morrow,Nor,Orl,R,18.2,4,5,4,4,2,2,1,3,4,0,1,1,0,1,14
2013-2014 Regular Season,1-11-2013,Brian Roberts,Nor,Orl,R,15.5,2,4,0,1,0,0,0,1,1,1,0,0,2,0,4
2013-2014 Regular Season,1-11-2013,Arinze Onuaku,Nor,Orl,R,9.5,0,1,0,0,1,2,1,1,2,0,0,0,0,0,1
2013-2014 Regular Season,1-11-2013,Austin Rivers,Nor,Orl,R,12.4,1,4,0,1,1,2,1,1,2,1,1,0,0,0,3
2013-2014 Regular Season,1-11-2013,Jeff Withey,Nor,Orl,R,4.5,0,0,0,0,2,2,0,0,0,0,0,0,1,0,2
